time,power,predicted
2020-11-02 00:00:00,0.0,0.02965139
2020-11-02 00:15:00,0.0,0.02965139
2020-11-02 00:30:00,0.0,0.02965139
2020-11-02 00:45:00,0.0,0.02965139
2020-11-02 01:00:00,0.0,0.02965139
2020-11-02 01:15:00,0.0,0.02965139
2020-11-02 01:30:00,0.0,0.02965139
2020-11-02 01:45:00,0.0,0.02965139
2020-11-02 02:00:00,0.0,0.02965139
2020-11-02 02:15:00,0.0,0.02965139
2020-11-02 02:30:00,0.0,0.02965139
2020-11-02 02:45:00,0.0,0.02965139
2020-11-02 03:00:00,0.0,0.02965139
2020-11-02 03:15:00,0.0,0.02965139
2020-11-02 03:30:00,0.0,0.02965139
2020-11-02 03:45:00,0.0,0.02965139
2020-11-02 04:00:00,0.0,0.02965139
2020-11-02 04:15:00,0.0,0.02965139
2020-11-02 04:30:00,0.0,0.02965139
2020-11-02 04:45:00,0.0,0.02965139
2020-11-02 05:00:00,0.0,0.02965139
2020-11-02 05:15:00,0.0,0.02965139
2020-11-02 05:30:00,0.0,0.02965139
2020-11-02 05:45:00,0.0,0.02965139
2020-11-02 06:00:00,0.0,0.02965139
2020-11-02 06:15:00,0.0,0.02965139
2020-11-02 06:30:00,0.0,0.02965139
2020-11-02 06:45:00,0.0,0.02965139
2020-11-02 07:00:00,0.0,0.02965139
2020-11-02 07:15:00,0.0,0.02965139
2020-11-02 07:30:00,0.0,0.02965139
2020-11-02 07:45:00,0.0,0.029657664
2020-11-02 08:00:00,0.0,0.029657664
2020-11-02 08:15:00,0.026267,0.035516344
2020-11-02 08:30:00,0.598533,0.43369824
2020-11-02 08:45:00,1.9784,1.8982645
2020-11-02 09:00:00,4.924533,4.5862575
2020-11-02 09:15:00,8.699733,8.712688
2020-11-02 09:30:00,12.326866,12.152603
2020-11-02 09:45:00,16.221666,15.622585
2020-11-02 10:00:00,19.517933,19.317595
2020-11-02 10:15:00,22.433867,22.077503
2020-11-02 10:30:00,25.167799,25.344196
2020-11-02 10:45:00,28.0856,27.43972
2020-11-02 11:00:00,30.359667,30.041042
2020-11-02 11:15:00,31.993334,32.02831
2020-11-02 11:30:00,33.570663,33.813915
2020-11-02 11:45:00,34.694134,34.94905
2020-11-02 12:00:00,31.625399,35.891327
2020-11-02 12:15:00,35.735332,33.613907
2020-11-02 12:30:00,37.846397,37.036476
2020-11-02 12:45:00,38.162,38.389824
2020-11-02 13:00:00,38.61853,38.38906
2020-11-02 13:15:00,38.753532,38.88265
2020-11-02 13:30:00,33.42213,38.835983
2020-11-02 13:45:00,19.728,34.26627
2020-11-02 14:00:00,15.924533,20.87864
2020-11-02 14:15:00,15.595466,16.758793
2020-11-02 14:30:00,15.527533,17.109264
2020-11-02 14:45:00,29.733067,17.025595
2020-11-02 15:00:00,25.954199,32.25548
2020-11-02 15:15:00,27.379465,28.014315
2020-11-02 15:30:00,29.595732,28.52209
2020-11-02 15:45:00,28.987131,28.24014
2020-11-02 16:00:00,26.664865,26.877918
2020-11-02 16:15:00,24.147932,24.398859
2020-11-02 16:30:00,21.109533,21.813131
2020-11-02 16:45:00,18.1428,18.719175
2020-11-02 17:00:00,15.149666,15.4194975
2020-11-02 17:15:00,11.7878,12.508037
2020-11-02 17:30:00,7.9474,8.13843
2020-11-02 17:45:00,4.107267,4.3161645
2020-11-02 18:00:00,1.556733,1.7635672
2020-11-02 18:15:00,0.299467,0.5344553
2020-11-02 18:30:00,0.0,0.034240417
2020-11-02 18:45:00,0.0,0.02965139
2020-11-02 19:00:00,0.0,0.02965139
2020-11-02 19:15:00,0.0,0.02965139
2020-11-02 19:30:00,0.0,0.02965139
2020-11-02 19:45:00,0.0,0.02965139
2020-11-02 20:00:00,0.0,0.02965139
2020-11-02 20:15:00,0.0,0.02965139
2020-11-02 20:30:00,0.0,0.02965139
2020-11-02 20:45:00,0.0,0.02965139
2020-11-02 21:00:00,0.0,0.02965139
2020-11-02 21:15:00,0.0,0.02965139
2020-11-02 21:30:00,0.0,0.02965139
2020-11-02 21:45:00,0.0,0.02965139
2020-11-02 22:00:00,0.0,0.02965139
2020-11-02 22:15:00,0.0,0.02965139
2020-11-02 22:30:00,0.0,0.02965139
2020-11-02 22:45:00,0.0,0.02965139
2020-11-02 23:00:00,0.0,0.02965139
2020-11-02 23:15:00,0.0,0.02965139
2020-11-02 23:30:00,0.0,0.02965139
2020-11-02 23:45:00,0.0,0.02965139
2020-11-03 00:00:00,0.0,0.02965139
2020-11-03 00:15:00,0.0,0.02965139
2020-11-03 00:30:00,0.0,0.02965139
2020-11-03 00:45:00,0.0,0.02965139
2020-11-03 01:00:00,0.0,0.02965139
2020-11-03 01:15:00,0.0,0.02965139
2020-11-03 01:30:00,0.0,0.02965139
2020-11-03 01:45:00,0.0,0.02965139
2020-11-03 02:00:00,0.0,0.02965139
2020-11-03 02:15:00,0.0,0.02965139
2020-11-03 02:30:00,0.0,0.02965139
2020-11-03 02:45:00,0.0,0.02965139
2020-11-03 03:00:00,0.0,0.02965139
2020-11-03 03:15:00,0.0,0.02965139
2020-11-03 03:30:00,0.0,0.02965139
2020-11-03 03:45:00,0.0,0.02965139
2020-11-03 04:00:00,0.0,0.02965139
2020-11-03 04:15:00,0.0,0.02965139
2020-11-03 04:30:00,0.0,0.02965139
2020-11-03 04:45:00,0.0,0.02965139
2020-11-03 05:00:00,0.0,0.02965139
2020-11-03 05:15:00,0.0,0.02965139
2020-11-03 05:30:00,0.0,0.02965139
2020-11-03 05:45:00,0.0,0.02965139
2020-11-03 06:00:00,0.0,0.02965139
2020-11-03 06:15:00,0.0,0.02965139
2020-11-03 06:30:00,0.0,0.02965139
2020-11-03 06:45:00,0.0,0.02965139
2020-11-03 07:00:00,0.0,0.02965139
2020-11-03 07:15:00,0.0,0.02965139
2020-11-03 07:30:00,0.0,0.02965139
2020-11-03 07:45:00,0.0,0.029657664
2020-11-03 08:00:00,0.0,0.029657664
2020-11-03 08:15:00,0.022467,0.03310441
2020-11-03 08:30:00,0.589067,0.37738076
2020-11-03 08:45:00,1.9432,1.8627812
2020-11-03 09:00:00,4.5786,4.423939
2020-11-03 09:15:00,8.595533,7.969398
2020-11-03 09:30:00,12.498,12.249471
2020-11-03 09:45:00,16.202932,15.813511
2020-11-03 10:00:00,19.511932,19.368788
2020-11-03 10:15:00,22.356998,22.10362
2020-11-03 10:30:00,25.142532,25.182932
2020-11-03 10:45:00,27.819666,27.30862
2020-11-03 11:00:00,30.1894,29.871399
2020-11-03 11:15:00,32.01313,31.812737
2020-11-03 11:30:00,33.669464,33.830284
2020-11-03 11:45:00,35.025265,35.225254
2020-11-03 12:00:00,36.203865,36.011375
2020-11-03 12:15:00,37.3788,37.195847
2020-11-03 12:30:00,38.161,37.948425
2020-11-03 12:45:00,38.69673,38.519974
2020-11-03 13:00:00,39.2342,39.03424
2020-11-03 13:15:00,39.0776,39.200104
2020-11-03 13:30:00,38.88853,39.126995
2020-11-03 13:45:00,39.1662,39.138702
2020-11-03 14:00:00,38.736866,38.8141
2020-11-03 14:15:00,27.570065,38.22391
2020-11-03 14:30:00,17.206667,29.377323
2020-11-03 14:45:00,17.255,20.10831
2020-11-03 15:00:00,17.302332,20.380795
2020-11-03 15:15:00,22.597334,20.848343
2020-11-03 15:30:00,24.785267,24.555855
2020-11-03 15:45:00,27.927265,26.039413
2020-11-03 16:00:00,27.6216,27.217285
2020-11-03 16:15:00,25.345865,25.871906
2020-11-03 16:30:00,22.737331,23.398905
2020-11-03 16:45:00,19.886732,20.471405
2020-11-03 17:00:00,16.566265,17.17805
2020-11-03 17:15:00,13.092733,13.924924
2020-11-03 17:30:00,8.932,9.224392
2020-11-03 17:45:00,4.2998,5.2207212
2020-11-03 18:00:00,1.6016,1.7003978
2020-11-03 18:15:00,0.267067,0.44819686
2020-11-03 18:30:00,0.0,0.044445556
2020-11-03 18:45:00,0.0,0.02965139
2020-11-03 19:00:00,0.0,0.02965139
2020-11-03 19:15:00,0.0,0.02965139
2020-11-03 19:30:00,0.0,0.02965139
2020-11-03 19:45:00,0.0,0.02965139
2020-11-03 20:00:00,0.0,0.02965139
2020-11-03 20:15:00,0.0,0.02965139
2020-11-03 20:30:00,0.0,0.02965139
2020-11-03 20:45:00,0.0,0.02965139
2020-11-03 21:00:00,0.0,0.02965139
2020-11-03 21:15:00,0.0,0.02965139
2020-11-03 21:30:00,0.0,0.02965139
2020-11-03 21:45:00,0.0,0.02965139
2020-11-03 22:00:00,0.0,0.02965139
2020-11-03 22:15:00,0.0,0.02965139
2020-11-03 22:30:00,0.0,0.02965139
2020-11-03 22:45:00,0.0,0.02965139
2020-11-03 23:00:00,0.0,0.02965139
2020-11-03 23:15:00,0.0,0.02965139
2020-11-03 23:30:00,0.0,0.02965139
2020-11-03 23:45:00,0.0,0.02965139
2020-11-04 00:00:00,0.0,0.02965139
2020-11-04 00:15:00,0.0,0.02965139
2020-11-04 00:30:00,0.0,0.02965139
2020-11-04 00:45:00,0.0,0.02965139
2020-11-04 01:00:00,0.0,0.02965139
2020-11-04 01:15:00,0.0,0.02965139
2020-11-04 01:30:00,0.0,0.02965139
2020-11-04 01:45:00,0.0,0.02965139
2020-11-04 02:00:00,0.0,0.02965139
2020-11-04 02:15:00,0.0,0.02965139
2020-11-04 02:30:00,0.0,0.02965139
2020-11-04 02:45:00,0.0,0.02965139
2020-11-04 03:00:00,0.0,0.02965139
2020-11-04 03:15:00,0.0,0.02965139
2020-11-04 03:30:00,0.0,0.02965139
2020-11-04 03:45:00,0.0,0.02965139
2020-11-04 04:00:00,0.0,0.02965139
2020-11-04 04:15:00,0.0,0.02965139
2020-11-04 04:30:00,0.0,0.02965139
2020-11-04 04:45:00,0.0,0.02965139
2020-11-04 05:00:00,0.0,0.02965139
2020-11-04 05:15:00,0.0,0.02965139
2020-11-04 05:30:00,0.0,0.02965139
2020-11-04 05:45:00,0.0,0.02965139
2020-11-04 06:00:00,0.0,0.02965139
2020-11-04 06:15:00,0.0,0.02965139
2020-11-04 06:30:00,0.0,0.02965139
2020-11-04 06:45:00,0.0,0.02965139
2020-11-04 07:00:00,0.0,0.02965139
2020-11-04 07:15:00,0.0,0.02965139
2020-11-04 07:30:00,0.0,0.02965139
2020-11-04 07:45:00,0.0,0.029657664
2020-11-04 08:00:00,0.0,0.029657664
2020-11-04 08:15:00,0.0,0.03310441
2020-11-04 08:30:00,0.4966,0.24390571
2020-11-04 08:45:00,1.873733,2.0363276
2020-11-04 09:00:00,4.895467,4.642389
2020-11-04 09:15:00,9.596933,8.98183
2020-11-04 09:30:00,13.864333,12.974251
2020-11-04 09:45:00,17.456598,17.510166
2020-11-04 10:00:00,20.736198,20.389805
2020-11-04 10:15:00,23.764399,23.436317
2020-11-04 10:30:00,26.491734,26.03541
2020-11-04 10:45:00,29.011732,28.903381
2020-11-04 11:00:00,31.149666,31.298988
2020-11-04 11:15:00,33.01173,32.96836
2020-11-04 11:30:00,33.26993,34.222134
2020-11-04 11:45:00,27.838467,34.945435
2020-11-04 12:00:00,22.087,29.630852
2020-11-04 12:15:00,19.305733,22.150084
2020-11-04 12:30:00,18.018866,19.574701
2020-11-04 12:45:00,16.055332,18.768892
2020-11-04 13:00:00,14.726733,16.738777
2020-11-04 13:15:00,12.7198,14.281616
2020-11-04 13:30:00,11.160399,13.318754
2020-11-04 13:45:00,10.2426,11.430051
2020-11-04 14:00:00,9.415066,11.051903
2020-11-04 14:15:00,6.397266,9.6882715
2020-11-04 14:30:00,5.824733,7.3436456
2020-11-04 14:45:00,5.8116,7.393137
2020-11-04 15:00:00,6.007067,7.083142
2020-11-04 15:15:00,6.079733,6.8058887
2020-11-04 15:30:00,5.905267,6.500823
2020-11-04 15:45:00,5.582733,6.407016
2020-11-04 16:00:00,6.1968,6.496376
2020-11-04 16:15:00,7.8224,6.8649917
2020-11-04 16:30:00,10.602533,7.9247055
2020-11-04 16:45:00,14.674933,12.367104
2020-11-04 17:00:00,15.6432,14.935858
2020-11-04 17:15:00,12.303599,13.533222
2020-11-04 17:30:00,6.758,9.679963
2020-11-04 17:45:00,3.831067,3.7276492
2020-11-04 18:00:00,0.782333,1.6854496
2020-11-04 18:15:00,0.140533,0.21089236
2020-11-04 18:30:00,0.0,0.03151386
2020-11-04 18:45:00,0.0,0.02965139
2020-11-04 19:00:00,0.0,0.02965139
2020-11-04 19:15:00,0.0,0.02965139
2020-11-04 19:30:00,0.0,0.02965139
2020-11-04 19:45:00,0.0,0.02965139
2020-11-04 20:00:00,0.0,0.02965139
2020-11-04 20:15:00,0.0,0.02965139
2020-11-04 20:30:00,0.0,0.02965139
2020-11-04 20:45:00,0.0,0.02965139
2020-11-04 21:00:00,0.0,0.02965139
2020-11-04 21:15:00,0.0,0.02965139
2020-11-04 21:30:00,0.0,0.02965139
2020-11-04 21:45:00,0.0,0.02965139
2020-11-04 22:00:00,0.0,0.02965139
2020-11-04 22:15:00,0.0,0.02965139
2020-11-04 22:30:00,0.0,0.02965139
2020-11-04 22:45:00,0.0,0.02965139
2020-11-04 23:00:00,0.0,0.02965139
2020-11-04 23:15:00,0.0,0.02965139
2020-11-04 23:30:00,0.0,0.02965139
2020-11-04 23:45:00,0.0,0.02965139
2020-11-05 00:00:00,0.0,0.02965139
2020-11-05 00:15:00,0.0,0.02965139
2020-11-05 00:30:00,0.0,0.02965139
2020-11-05 00:45:00,0.0,0.02965139
2020-11-05 01:00:00,0.0,0.02965139
2020-11-05 01:15:00,0.0,0.02965139
2020-11-05 01:30:00,0.0,0.02965139
2020-11-05 01:45:00,0.0,0.02965139
2020-11-05 02:00:00,0.0,0.02965139
2020-11-05 02:15:00,0.0,0.02965139
2020-11-05 02:30:00,0.0,0.02965139
2020-11-05 02:45:00,0.0,0.02965139
2020-11-05 03:00:00,0.0,0.02965139
2020-11-05 03:15:00,0.0,0.02965139
2020-11-05 03:30:00,0.0,0.02965139
2020-11-05 03:45:00,0.0,0.02965139
2020-11-05 04:00:00,0.0,0.02965139
2020-11-05 04:15:00,0.0,0.02965139
2020-11-05 04:30:00,0.0,0.02965139
2020-11-05 04:45:00,0.0,0.02965139
2020-11-05 05:00:00,0.0,0.02965139
2020-11-05 05:15:00,0.0,0.02965139
2020-11-05 05:30:00,0.0,0.02965139
2020-11-05 05:45:00,0.0,0.02965139
2020-11-05 06:00:00,0.0,0.02965139
2020-11-05 06:15:00,0.0,0.02965139
2020-11-05 06:30:00,0.0,0.02965139
2020-11-05 06:45:00,0.0,0.02965139
2020-11-05 07:00:00,0.0,0.02965139
2020-11-05 07:15:00,0.0,0.02965139
2020-11-05 07:30:00,0.0,0.02965139
2020-11-05 07:45:00,0.0,0.029657664
2020-11-05 08:00:00,0.0,0.029657664
2020-11-05 08:15:00,0.0,0.03310441
2020-11-05 08:30:00,0.094333,0.18162042
2020-11-05 08:45:00,0.255333,0.41502133
2020-11-05 09:00:00,0.7452,0.7936578
2020-11-05 09:15:00,3.3866,2.6644113
2020-11-05 09:30:00,8.567,8.069595
2020-11-05 09:45:00,10.9544,11.320599
2020-11-05 10:00:00,17.810932,15.020767
2020-11-05 10:15:00,17.6542,21.10695
2020-11-05 10:30:00,16.867867,21.60295
2020-11-05 10:45:00,14.147866,21.405157
2020-11-05 11:00:00,13.170332,16.415035
2020-11-05 11:15:00,11.917799,15.066373
2020-11-05 11:30:00,9.244999,14.419673
2020-11-05 11:45:00,8.6156,9.4516
2020-11-05 12:00:00,8.294399,8.937555
2020-11-05 12:15:00,7.471333,8.886731
2020-11-05 12:30:00,7.541333,6.905656
2020-11-05 12:45:00,6.224867,7.3371806
2020-11-05 13:00:00,5.221267,6.726979
2020-11-05 13:15:00,5.206267,5.416442
2020-11-05 13:30:00,5.2108,5.6879063
2020-11-05 13:45:00,5.142333,5.518988
2020-11-05 14:00:00,5.12,5.892535
2020-11-05 14:15:00,5.117,5.673535
2020-11-05 14:30:00,5.109133,5.5657754
2020-11-05 14:45:00,5.0948,5.427431
2020-11-05 15:00:00,5.062067,5.4552784
2020-11-05 15:15:00,4.9886,5.581314
2020-11-05 15:30:00,4.954067,5.446064
2020-11-05 15:45:00,4.974067,5.386916
2020-11-05 16:00:00,5.078867,5.387452
2020-11-05 16:15:00,5.008667,5.768712
2020-11-05 16:30:00,4.9322,5.977686
2020-11-05 16:45:00,4.911467,5.9666586
2020-11-05 17:00:00,4.899267,5.619628
2020-11-05 17:15:00,6.521733,5.6160517
2020-11-05 17:30:00,8.7468,6.0812855
2020-11-05 17:45:00,4.883733,6.757862
2020-11-05 18:00:00,1.9374,3.4776185
2020-11-05 18:15:00,0.431533,0.9337875
2020-11-05 18:30:00,0.0,0.026781077
2020-11-05 18:45:00,0.0,0.02965139
2020-11-05 19:00:00,0.0,0.02965139
2020-11-05 19:15:00,0.0,0.02965139
2020-11-05 19:30:00,0.0,0.02965139
2020-11-05 19:45:00,0.0,0.02965139
2020-11-05 20:00:00,0.0,0.02965139
2020-11-05 20:15:00,0.0,0.02965139
2020-11-05 20:30:00,0.0,0.02965139
2020-11-05 20:45:00,0.0,0.02965139
2020-11-05 21:00:00,0.0,0.02965139
2020-11-05 21:15:00,0.0,0.02965139
2020-11-05 21:30:00,0.0,0.02965139
2020-11-05 21:45:00,0.0,0.02965139
2020-11-05 22:00:00,0.0,0.02965139
2020-11-05 22:15:00,0.0,0.02965139
2020-11-05 22:30:00,0.0,0.02965139
2020-11-05 22:45:00,0.0,0.02965139
2020-11-05 23:00:00,0.0,0.02965139
2020-11-05 23:15:00,0.0,0.02965139
2020-11-05 23:30:00,0.0,0.02965139
2020-11-05 23:45:00,0.0,0.02965139
2020-11-06 00:00:00,0.0,0.02965139
2020-11-06 00:15:00,0.0,0.02965139
2020-11-06 00:30:00,0.0,0.02965139
2020-11-06 00:45:00,0.0,0.02965139
2020-11-06 01:00:00,0.0,0.02965139
2020-11-06 01:15:00,0.0,0.02965139
2020-11-06 01:30:00,0.0,0.02965139
2020-11-06 01:45:00,0.0,0.02965139
2020-11-06 02:00:00,0.0,0.02965139
2020-11-06 02:15:00,0.0,0.02965139
2020-11-06 02:30:00,0.0,0.02965139
2020-11-06 02:45:00,0.0,0.02965139
2020-11-06 03:00:00,0.0,0.02965139
2020-11-06 03:15:00,0.0,0.02965139
2020-11-06 03:30:00,0.0,0.02965139
2020-11-06 03:45:00,0.0,0.02965139
2020-11-06 04:00:00,0.0,0.02965139
2020-11-06 04:15:00,0.0,0.02965139
2020-11-06 04:30:00,0.0,0.02965139
2020-11-06 04:45:00,0.0,0.02965139
2020-11-06 05:00:00,0.0,0.02965139
2020-11-06 05:15:00,0.0,0.02965139
2020-11-06 05:30:00,0.0,0.02965139
2020-11-06 05:45:00,0.0,0.02965139
2020-11-06 06:00:00,0.0,0.02965139
2020-11-06 06:15:00,0.0,0.02965139
2020-11-06 06:30:00,0.0,0.02965139
2020-11-06 06:45:00,0.0,0.02965139
2020-11-06 07:00:00,0.0,0.02965139
2020-11-06 07:15:00,0.0,0.02965139
2020-11-06 07:30:00,0.0,0.02965139
2020-11-06 07:45:00,0.0,0.029657664
2020-11-06 08:00:00,0.0,0.029657664
2020-11-06 08:15:00,0.0,0.03310441
2020-11-06 08:30:00,0.350467,0.19506596
2020-11-06 08:45:00,1.538067,1.0486302
2020-11-06 09:00:00,4.940533,3.7262266
2020-11-06 09:15:00,10.041533,9.281232
2020-11-06 09:30:00,14.638399,13.421412
2020-11-06 09:45:00,18.480598,17.48166
2020-11-06 10:00:00,21.4966,20.664942
2020-11-06 10:15:00,24.359467,24.140526
2020-11-06 10:30:00,25.378065,26.43095
2020-11-06 10:45:00,16.694933,27.105616
2020-11-06 11:00:00,13.126799,17.599802
2020-11-06 11:15:00,10.379466,12.084629
2020-11-06 11:30:00,9.6988,10.353226
2020-11-06 11:45:00,9.687866,9.041364
2020-11-06 12:00:00,9.819866,9.287724
2020-11-06 12:15:00,9.911933,9.300161
2020-11-06 12:30:00,9.982133,9.192156
2020-11-06 12:45:00,10.005466,9.034531
2020-11-06 13:00:00,10.0266,9.445378
2020-11-06 13:15:00,10.049333,10.816107
2020-11-06 13:30:00,10.046266,10.937965
2020-11-06 13:45:00,9.611266,10.972275
2020-11-06 14:00:00,9.938733,9.393025
2020-11-06 14:15:00,10.069533,9.803248
2020-11-06 14:30:00,10.121466,10.753246
2020-11-06 14:45:00,10.090666,10.976375
2020-11-06 15:00:00,10.127133,10.992666
2020-11-06 15:15:00,10.1206,11.040311
2020-11-06 15:30:00,10.112466,11.110615
2020-11-06 15:45:00,10.162667,11.298339
2020-11-06 16:00:00,10.204266,10.996802
2020-11-06 16:15:00,10.642799,10.951106
2020-11-06 16:30:00,16.632067,11.621044
2020-11-06 16:45:00,17.4792,17.153767
2020-11-06 17:00:00,14.862999,15.419301
2020-11-06 17:15:00,11.513466,12.004449
2020-11-06 17:30:00,7.459666,8.675147
2020-11-06 17:45:00,3.210533,4.7225704
2020-11-06 18:00:00,1.18,1.7211117
2020-11-06 18:15:00,0.1292,0.39640406
2020-11-06 18:30:00,0.0,0.031422187
2020-11-06 18:45:00,0.0,0.02965139
2020-11-06 19:00:00,0.0,0.02965139
2020-11-06 19:15:00,0.0,0.02965139
2020-11-06 19:30:00,0.0,0.02965139
2020-11-06 19:45:00,0.0,0.02965139
2020-11-06 20:00:00,0.0,0.02965139
2020-11-06 20:15:00,0.0,0.02965139
2020-11-06 20:30:00,0.0,0.02965139
2020-11-06 20:45:00,0.0,0.02965139
2020-11-06 21:00:00,0.0,0.02965139
2020-11-06 21:15:00,0.0,0.02965139
2020-11-06 21:30:00,0.0,0.02965139
2020-11-06 21:45:00,0.0,0.02965139
2020-11-06 22:00:00,0.0,0.02965139
2020-11-06 22:15:00,0.0,0.02965139
2020-11-06 22:30:00,0.0,0.02965139
2020-11-06 22:45:00,0.0,0.02965139
2020-11-06 23:00:00,0.0,0.02965139
2020-11-06 23:15:00,0.0,0.02965139
2020-11-06 23:30:00,0.0,0.02965139
2020-11-06 23:45:00,0.0,0.02965139
2020-11-07 00:00:00,0.0,0.02965139
2020-11-07 00:15:00,0.0,0.02965139
2020-11-07 00:30:00,0.0,0.02965139
2020-11-07 00:45:00,0.0,0.02965139
2020-11-07 01:00:00,0.0,0.02965139
2020-11-07 01:15:00,0.0,0.02965139
2020-11-07 01:30:00,0.0,0.02965139
2020-11-07 01:45:00,0.0,0.02965139
2020-11-07 02:00:00,0.0,0.02965139
2020-11-07 02:15:00,0.0,0.02965139
2020-11-07 02:30:00,0.0,0.02965139
2020-11-07 02:45:00,0.0,0.02965139
2020-11-07 03:00:00,0.0,0.02965139
2020-11-07 03:15:00,0.0,0.02965139
2020-11-07 03:30:00,0.0,0.02965139
2020-11-07 03:45:00,0.0,0.02965139
2020-11-07 04:00:00,0.0,0.02965139
2020-11-07 04:15:00,0.0,0.02965139
2020-11-07 04:30:00,0.0,0.02965139
2020-11-07 04:45:00,0.0,0.02965139
2020-11-07 05:00:00,0.0,0.02965139
2020-11-07 05:15:00,0.0,0.02965139
2020-11-07 05:30:00,0.0,0.02965139
2020-11-07 05:45:00,0.0,0.02965139
2020-11-07 06:00:00,0.0,0.02965139
2020-11-07 06:15:00,0.0,0.02965139
2020-11-07 06:30:00,0.0,0.02965139
2020-11-07 06:45:00,0.0,0.02965139
2020-11-07 07:00:00,0.0,0.02965139
2020-11-07 07:15:00,0.0,0.02965139
2020-11-07 07:30:00,0.0,0.02965139
2020-11-07 07:45:00,0.0,0.029657664
2020-11-07 08:00:00,0.0,0.029657664
2020-11-07 08:15:00,0.0,0.03310441
2020-11-07 08:30:00,0.307333,0.15844205
2020-11-07 08:45:00,1.629333,1.3335077
2020-11-07 09:00:00,4.0884,4.3334494
2020-11-07 09:15:00,8.919467,8.268114
2020-11-07 09:30:00,13.586466,12.578228
2020-11-07 09:45:00,17.413532,16.902891
2020-11-07 10:00:00,20.832867,20.28312
2020-11-07 10:15:00,23.795067,23.506138
2020-11-07 10:30:00,26.5166,25.925468
2020-11-07 10:45:00,29.067266,28.591051
2020-11-07 11:00:00,31.358665,30.890875
2020-11-07 11:15:00,33.1498,32.817932
2020-11-07 11:30:00,34.572,34.05695
2020-11-07 11:45:00,36.325264,35.805775
2020-11-07 12:00:00,37.7612,37.194202
2020-11-07 12:15:00,38.748398,38.659126
2020-11-07 12:30:00,36.99473,39.204033
2020-11-07 12:45:00,32.958935,37.66111
2020-11-07 13:00:00,29.737532,33.466812
2020-11-07 13:15:00,28.0668,31.497232
2020-11-07 13:30:00,27.069532,29.04656
2020-11-07 13:45:00,24.785067,28.470648
2020-11-07 14:00:00,21.253532,24.174643
2020-11-07 14:15:00,20.505133,21.688658
2020-11-07 14:30:00,20.524466,20.58227
2020-11-07 14:45:00,20.4574,21.130533
2020-11-07 15:00:00,21.048931,20.748924
2020-11-07 15:15:00,21.6006,21.454226
2020-11-07 15:30:00,22.561867,21.86448
2020-11-07 15:45:00,24.263533,22.60693
2020-11-07 16:00:00,26.078531,24.035252
2020-11-07 16:15:00,24.692398,24.766407
2020-11-07 16:30:00,23.052399,22.597729
2020-11-07 16:45:00,19.207933,20.882086
2020-11-07 17:00:00,16.938066,16.620731
2020-11-07 17:15:00,13.129533,14.092327
2020-11-07 17:30:00,8.186933,9.198401
2020-11-07 17:45:00,3.479933,4.6960325
2020-11-07 18:00:00,1.215533,1.7190672
2020-11-07 18:15:00,0.112867,0.34982795
2020-11-07 18:30:00,0.0,0.031422187
2020-11-07 18:45:00,0.0,0.02965139
2020-11-07 19:00:00,0.0,0.02965139
2020-11-07 19:15:00,0.0,0.02965139
2020-11-07 19:30:00,0.0,0.02965139
2020-11-07 19:45:00,0.0,0.02965139
2020-11-07 20:00:00,0.0,0.02965139
2020-11-07 20:15:00,0.0,0.02965139
2020-11-07 20:30:00,0.0,0.02965139
2020-11-07 20:45:00,0.0,0.02965139
2020-11-07 21:00:00,0.0,0.02965139
2020-11-07 21:15:00,0.0,0.02965139
2020-11-07 21:30:00,0.0,0.02965139
2020-11-07 21:45:00,0.0,0.02965139
2020-11-07 22:00:00,0.0,0.02965139
2020-11-07 22:15:00,0.0,0.02965139
2020-11-07 22:30:00,0.0,0.02965139
2020-11-07 22:45:00,0.0,0.02965139
2020-11-07 23:00:00,0.0,0.02965139
2020-11-07 23:15:00,0.0,0.02965139
2020-11-07 23:30:00,0.0,0.02965139
2020-11-07 23:45:00,0.0,0.02965139
2020-11-08 00:00:00,0.0,0.02965139
2020-11-08 00:15:00,0.0,0.02965139
2020-11-08 00:30:00,0.0,0.02965139
2020-11-08 00:45:00,0.0,0.02965139
2020-11-08 01:00:00,0.0,0.02965139
2020-11-08 01:15:00,0.0,0.02965139
2020-11-08 01:30:00,0.0,0.02965139
2020-11-08 01:45:00,0.0,0.02965139
2020-11-08 02:00:00,0.0,0.02965139
2020-11-08 02:15:00,0.0,0.02965139
2020-11-08 02:30:00,0.0,0.02965139
2020-11-08 02:45:00,0.0,0.02965139
2020-11-08 03:00:00,0.0,0.02965139
2020-11-08 03:15:00,0.0,0.02965139
2020-11-08 03:30:00,0.0,0.02965139
2020-11-08 03:45:00,0.0,0.02965139
2020-11-08 04:00:00,0.0,0.02965139
2020-11-08 04:15:00,0.0,0.02965139
2020-11-08 04:30:00,0.0,0.02965139
2020-11-08 04:45:00,0.0,0.02965139
2020-11-08 05:00:00,0.0,0.02965139
2020-11-08 05:15:00,0.0,0.02965139
2020-11-08 05:30:00,0.0,0.02965139
2020-11-08 05:45:00,0.0,0.02965139
2020-11-08 06:00:00,0.0,0.02965139
2020-11-08 06:15:00,0.0,0.02965139
2020-11-08 06:30:00,0.0,0.02965139
2020-11-08 06:45:00,0.0,0.02965139
2020-11-08 07:00:00,0.0,0.02965139
2020-11-08 07:15:00,0.0,0.02965139
2020-11-08 07:30:00,0.0,0.02965139
2020-11-08 07:45:00,0.0,0.029657664
2020-11-08 08:00:00,0.0,0.029657664
2020-11-08 08:15:00,0.0,0.03310441
2020-11-08 08:30:00,0.381733,0.179061
2020-11-08 08:45:00,1.663467,1.4974517
2020-11-08 09:00:00,3.5524,2.9349148
2020-11-08 09:15:00,9.269267,7.34346
2020-11-08 09:30:00,15.373066,13.186797
2020-11-08 09:45:00,17.998667,17.715092
2020-11-08 10:00:00,22.536932,21.158274
2020-11-08 10:15:00,25.581865,25.4113
2020-11-08 10:30:00,28.225466,28.164936
2020-11-08 10:45:00,30.170399,28.796837
2020-11-08 11:00:00,28.807066,30.93616
2020-11-08 11:15:00,29.144999,26.348837
2020-11-08 11:30:00,33.055264,29.950665
2020-11-08 11:45:00,36.5946,34.780766
2020-11-08 12:00:00,37.666798,37.606438
2020-11-08 12:15:00,37.536064,37.927788
2020-11-08 12:30:00,39.844933,38.58481
2020-11-08 12:45:00,39.09673,39.90141
2020-11-08 13:00:00,31.68193,39.43164
2020-11-08 13:15:00,29.202398,32.201023
2020-11-08 13:30:00,28.207533,32.456036
2020-11-08 13:45:00,27.7256,30.115547
2020-11-08 14:00:00,26.5244,29.199783
2020-11-08 14:15:00,25.477533,25.70954
2020-11-08 14:30:00,23.712933,24.894835
2020-11-08 14:45:00,24.2592,23.338654
2020-11-08 15:00:00,25.993399,23.828613
2020-11-08 15:15:00,28.185,25.917091
2020-11-08 15:30:00,33.21073,28.468082
2020-11-08 15:45:00,31.608398,30.780684
2020-11-08 16:00:00,29.269665,29.278595
2020-11-08 16:15:00,26.721199,27.185286
2020-11-08 16:30:00,24.099667,24.146702
2020-11-08 16:45:00,21.249266,21.84182
2020-11-08 17:00:00,17.816933,18.698801
2020-11-08 17:15:00,14.202866,15.220529
2020-11-08 17:30:00,8.5846,10.732658
2020-11-08 17:45:00,3.611133,5.0357347
2020-11-08 18:00:00,1.235933,1.7777295
2020-11-08 18:15:00,0.0932,0.34081954
2020-11-08 18:30:00,0.0,0.007985051
2020-11-08 18:45:00,0.0,0.02965139
2020-11-08 19:00:00,0.0,0.02965139
2020-11-08 19:15:00,0.0,0.02965139
2020-11-08 19:30:00,0.0,0.02965139
2020-11-08 19:45:00,0.0,0.02965139
2020-11-08 20:00:00,0.0,0.02965139
2020-11-08 20:15:00,0.0,0.02965139
2020-11-08 20:30:00,0.0,0.02965139
2020-11-08 20:45:00,0.0,0.02965139
2020-11-08 21:00:00,0.0,0.02965139
2020-11-08 21:15:00,0.0,0.02965139
2020-11-08 21:30:00,0.0,0.02965139
2020-11-08 21:45:00,0.0,0.02965139
2020-11-08 22:00:00,0.0,0.02965139
2020-11-08 22:15:00,0.0,0.02965139
2020-11-08 22:30:00,0.0,0.02965139
2020-11-08 22:45:00,0.0,0.02965139
2020-11-08 23:00:00,0.0,0.02965139
2020-11-08 23:15:00,0.0,0.02965139
2020-11-08 23:30:00,0.0,0.02965139
2020-11-08 23:45:00,0.0,0.02965139
2020-11-09 00:00:00,0.0,0.02965139
2020-11-09 00:15:00,0.0,0.02965139
2020-11-09 00:30:00,0.0,0.02965139
2020-11-09 00:45:00,0.0,0.02965139
2020-11-09 01:00:00,0.0,0.02965139
2020-11-09 01:15:00,0.0,0.02965139
2020-11-09 01:30:00,0.0,0.02965139
2020-11-09 01:45:00,0.0,0.02965139
2020-11-09 02:00:00,0.0,0.02965139
2020-11-09 02:15:00,0.0,0.02965139
2020-11-09 02:30:00,0.0,0.02965139
2020-11-09 02:45:00,0.0,0.02965139
2020-11-09 03:00:00,0.0,0.02965139
2020-11-09 03:15:00,0.0,0.02965139
2020-11-09 03:30:00,0.0,0.02965139
2020-11-09 03:45:00,0.0,0.02965139
2020-11-09 04:00:00,0.0,0.02965139
2020-11-09 04:15:00,0.0,0.02965139
2020-11-09 04:30:00,0.0,0.02965139
2020-11-09 04:45:00,0.0,0.02965139
2020-11-09 05:00:00,0.0,0.02965139
2020-11-09 05:15:00,0.0,0.02965139
2020-11-09 05:30:00,0.0,0.02965139
2020-11-09 05:45:00,0.0,0.02965139
2020-11-09 06:00:00,0.0,0.02965139
2020-11-09 06:15:00,0.0,0.02965139
2020-11-09 06:30:00,0.0,0.02965139
2020-11-09 06:45:00,0.0,0.02965139
2020-11-09 07:00:00,0.0,0.02965139
2020-11-09 07:15:00,0.0,0.02965139
2020-11-09 07:30:00,0.0,0.02965139
2020-11-09 07:45:00,0.0,0.029657664
2020-11-09 08:00:00,0.0,0.029657664
2020-11-09 08:15:00,0.0,0.03310441
2020-11-09 08:30:00,0.236733,0.1370463
2020-11-09 08:45:00,1.382133,1.1354128
2020-11-09 09:00:00,3.633667,3.6185408
2020-11-09 09:15:00,8.224333,7.6614423
2020-11-09 09:30:00,13.810133,12.372318
2020-11-09 09:45:00,17.755934,13.23759
2020-11-09 10:00:00,21.0852,20.336994
2020-11-09 10:15:00,24.089733,24.092169
2020-11-09 10:30:00,26.727068,26.60249
2020-11-09 10:45:00,28.988932,29.33604
2020-11-09 11:00:00,31.081133,31.129494
2020-11-09 11:15:00,32.872868,32.682285
2020-11-09 11:30:00,34.406,34.259323
2020-11-09 11:45:00,35.825397,35.787197
2020-11-09 12:00:00,36.977066,36.96242
2020-11-09 12:15:00,37.926266,37.69172
2020-11-09 12:30:00,36.4036,38.4657
2020-11-09 12:45:00,26.930866,37.068497
2020-11-09 13:00:00,21.8618,26.577961
2020-11-09 13:15:00,19.5864,23.71735
2020-11-09 13:30:00,18.6472,21.314013
2020-11-09 13:45:00,17.816465,19.13999
2020-11-09 14:00:00,17.2192,18.982866
2020-11-09 14:15:00,16.743134,18.506456
2020-11-09 14:30:00,16.209333,17.851398
2020-11-09 14:45:00,15.747399,16.951979
2020-11-09 15:00:00,15.451466,16.727325
2020-11-09 15:15:00,15.439133,15.903839
2020-11-09 15:30:00,15.273533,15.58709
2020-11-09 15:45:00,15.224533,15.613612
2020-11-09 16:00:00,19.017666,15.557482
2020-11-09 16:15:00,24.028198,19.063604
2020-11-09 16:30:00,18.868067,20.878382
2020-11-09 16:45:00,15.419333,16.816927
2020-11-09 17:00:00,13.322199,13.174813
2020-11-09 17:15:00,14.775466,13.307415
2020-11-09 17:30:00,6.564133,12.173381
2020-11-09 17:45:00,3.049867,4.0965376
2020-11-09 18:00:00,1.416667,1.8517865
2020-11-09 18:15:00,0.091267,0.23467307
2020-11-09 18:30:00,0.0,0.024222983
2020-11-09 18:45:00,0.0,0.02965139
2020-11-09 19:00:00,0.0,0.02965139
2020-11-09 19:15:00,0.0,0.02965139
2020-11-09 19:30:00,0.0,0.02965139
2020-11-09 19:45:00,0.0,0.02965139
2020-11-09 20:00:00,0.0,0.02965139
2020-11-09 20:15:00,0.0,0.02965139
2020-11-09 20:30:00,0.0,0.02965139
2020-11-09 20:45:00,0.0,0.02965139
2020-11-09 21:00:00,0.0,0.02965139
2020-11-09 21:15:00,0.0,0.02965139
2020-11-09 21:30:00,0.0,0.02965139
2020-11-09 21:45:00,0.0,0.02965139
2020-11-09 22:00:00,0.0,0.02965139
2020-11-09 22:15:00,0.0,0.02965139
2020-11-09 22:30:00,0.0,0.02965139
2020-11-09 22:45:00,0.0,0.02965139
2020-11-09 23:00:00,0.0,0.02965139
2020-11-09 23:15:00,0.0,0.02965139
2020-11-09 23:30:00,0.0,0.02965139
2020-11-09 23:45:00,0.0,0.02965139
2020-11-10 00:00:00,0.0,0.02965139
2020-11-10 00:15:00,0.0,0.02965139
2020-11-10 00:30:00,0.0,0.02965139
2020-11-10 00:45:00,0.0,0.02965139
2020-11-10 01:00:00,0.0,0.02965139
2020-11-10 01:15:00,0.0,0.02965139
2020-11-10 01:30:00,0.0,0.02965139
2020-11-10 01:45:00,0.0,0.02965139
2020-11-10 02:00:00,0.0,0.02965139
2020-11-10 02:15:00,0.0,0.02965139
2020-11-10 02:30:00,0.0,0.02965139
2020-11-10 02:45:00,0.0,0.02965139
2020-11-10 03:00:00,0.0,0.02965139
2020-11-10 03:15:00,0.0,0.02965139
2020-11-10 03:30:00,0.0,0.02965139
2020-11-10 03:45:00,0.0,0.02965139
2020-11-10 04:00:00,0.0,0.02965139
2020-11-10 04:15:00,0.0,0.02965139
2020-11-10 04:30:00,0.0,0.02965139
2020-11-10 04:45:00,0.0,0.02965139
2020-11-10 05:00:00,0.0,0.02965139
2020-11-10 05:15:00,0.0,0.02965139
2020-11-10 05:30:00,0.0,0.02965139
2020-11-10 05:45:00,0.0,0.02965139
2020-11-10 06:00:00,0.0,0.02965139
2020-11-10 06:15:00,0.0,0.02965139
2020-11-10 06:30:00,0.0,0.02965139
2020-11-10 06:45:00,0.0,0.02965139
2020-11-10 07:00:00,0.0,0.02965139
2020-11-10 07:15:00,0.0,0.02965139
2020-11-10 07:30:00,0.0,0.02965139
2020-11-10 07:45:00,0.0,0.029657664
2020-11-10 08:00:00,0.0,0.029657664
2020-11-10 08:15:00,0.0,0.03310441
2020-11-10 08:30:00,0.115133,0.07125358
2020-11-10 08:45:00,0.336533,0.4528771
2020-11-10 09:00:00,0.701467,0.7386198
2020-11-10 09:15:00,1.782333,1.4483606
2020-11-10 09:30:00,2.812867,2.4370866
2020-11-10 09:45:00,5.6098,4.661299
2020-11-10 10:00:00,14.732999,9.49101
2020-11-10 10:15:00,19.898733,19.088919
2020-11-10 10:30:00,25.764465,23.359236
2020-11-10 10:45:00,27.300999,28.304777
2020-11-10 11:00:00,27.33,29.970057
2020-11-10 11:15:00,13.254333,28.19089
2020-11-10 11:30:00,13.443066,16.725359
2020-11-10 11:45:00,12.703466,13.672723
2020-11-10 12:00:00,13.306799,12.806557
2020-11-10 12:15:00,13.601933,12.058315
2020-11-10 12:30:00,12.217733,12.724993
2020-11-10 12:45:00,12.682466,11.722367
2020-11-10 13:00:00,12.770333,12.554935
2020-11-10 13:15:00,12.021266,12.659718
2020-11-10 13:30:00,11.549866,13.278703
2020-11-10 13:45:00,11.704466,12.137517
2020-11-10 14:00:00,12.812733,12.550495
2020-11-10 14:15:00,13.767733,13.352784
2020-11-10 14:30:00,14.685666,14.298445
2020-11-10 14:45:00,23.855532,14.509592
2020-11-10 15:00:00,34.030598,25.529392
2020-11-10 15:15:00,32.620132,33.956738
2020-11-10 15:30:00,30.812666,31.013298
2020-11-10 15:45:00,29.162199,28.811972
2020-11-10 16:00:00,27.134933,27.01471
2020-11-10 16:15:00,24.6038,25.54281
2020-11-10 16:30:00,21.865,22.348686
2020-11-10 16:45:00,18.4336,19.708252
2020-11-10 17:00:00,14.432866,15.513328
2020-11-10 17:15:00,10.2748,11.14184
2020-11-10 17:30:00,5.480933,6.6632533
2020-11-10 17:45:00,2.511667,3.4790645
2020-11-10 18:00:00,0.875867,1.1868224
2020-11-10 18:15:00,0.065267,0.12807842
2020-11-10 18:30:00,0.0,0.030960845
2020-11-10 18:45:00,0.0,0.02965139
2020-11-10 19:00:00,0.0,0.02965139
2020-11-10 19:15:00,0.0,0.02965139
2020-11-10 19:30:00,0.0,0.02965139
2020-11-10 19:45:00,0.0,0.02965139
2020-11-10 20:00:00,0.0,0.02965139
2020-11-10 20:15:00,0.0,0.02965139
2020-11-10 20:30:00,0.0,0.02965139
2020-11-10 20:45:00,0.0,0.02965139
2020-11-10 21:00:00,0.0,0.02965139
2020-11-10 21:15:00,0.0,0.02965139
2020-11-10 21:30:00,0.0,0.02965139
2020-11-10 21:45:00,0.0,0.02965139
2020-11-10 22:00:00,0.0,0.02965139
2020-11-10 22:15:00,0.0,0.02965139
2020-11-10 22:30:00,0.0,0.02965139
2020-11-10 22:45:00,0.0,0.02965139
2020-11-10 23:00:00,0.0,0.02965139
2020-11-10 23:15:00,0.0,0.02965139
2020-11-10 23:30:00,0.0,0.02965139
2020-11-10 23:45:00,0.0,0.02965139
2020-11-11 00:00:00,0.0,0.02965139
2020-11-11 00:15:00,0.0,0.02965139
2020-11-11 00:30:00,0.0,0.02965139
2020-11-11 00:45:00,0.0,0.02965139
2020-11-11 01:00:00,0.0,0.02965139
2020-11-11 01:15:00,0.0,0.02965139
2020-11-11 01:30:00,0.0,0.02965139
2020-11-11 01:45:00,0.0,0.02965139
2020-11-11 02:00:00,0.0,0.02965139
2020-11-11 02:15:00,0.0,0.02965139
2020-11-11 02:30:00,0.0,0.02965139
2020-11-11 02:45:00,0.0,0.02965139
2020-11-11 03:00:00,0.0,0.02965139
2020-11-11 03:15:00,0.0,0.02965139
2020-11-11 03:30:00,0.0,0.02965139
2020-11-11 03:45:00,0.0,0.02965139
2020-11-11 04:00:00,0.0,0.02965139
2020-11-11 04:15:00,0.0,0.02965139
2020-11-11 04:30:00,0.0,0.02965139
2020-11-11 04:45:00,0.0,0.02965139
2020-11-11 05:00:00,0.0,0.02965139
2020-11-11 05:15:00,0.0,0.02965139
2020-11-11 05:30:00,0.0,0.02965139
2020-11-11 05:45:00,0.0,0.02965139
2020-11-11 06:00:00,0.0,0.02965139
2020-11-11 06:15:00,0.0,0.02965139
2020-11-11 06:30:00,0.0,0.02965139
2020-11-11 06:45:00,0.0,0.02965139
2020-11-11 07:00:00,0.0,0.02965139
2020-11-11 07:15:00,0.0,0.02965139
2020-11-11 07:30:00,0.0,0.02965139
2020-11-11 07:45:00,0.0,0.029657664
2020-11-11 08:00:00,0.0,0.029657664
2020-11-11 08:15:00,0.0,0.03310441
2020-11-11 08:30:00,0.135867,0.054909762
2020-11-11 08:45:00,1.032533,0.54021454
2020-11-11 09:00:00,2.810133,2.7405617
2020-11-11 09:15:00,6.268667,5.74432
2020-11-11 09:30:00,11.922533,10.288339
2020-11-11 09:45:00,16.218466,9.823537
2020-11-11 10:00:00,19.764732,18.217117
2020-11-11 10:15:00,22.922066,22.56015
2020-11-11 10:30:00,25.825666,25.293795
2020-11-11 10:45:00,28.303331,27.68421
2020-11-11 11:00:00,30.474266,30.37842
2020-11-11 11:15:00,32.273533,31.864023
2020-11-11 11:30:00,33.9362,33.781937
2020-11-11 11:45:00,35.45653,35.29514
2020-11-11 12:00:00,36.7252,36.604725
2020-11-11 12:15:00,37.6936,37.740997
2020-11-11 12:30:00,38.56153,38.415672
2020-11-11 12:45:00,39.337666,38.75193
2020-11-11 13:00:00,39.614334,39.36862
2020-11-11 13:15:00,39.79433,39.87682
2020-11-11 13:30:00,39.78453,39.786873
2020-11-11 13:45:00,39.641197,39.84135
2020-11-11 14:00:00,39.2614,39.530617
2020-11-11 14:15:00,38.57553,38.64524
2020-11-11 14:30:00,37.875263,37.753765
2020-11-11 14:45:00,36.778664,37.19578
2020-11-11 15:00:00,35.59413,35.693703
2020-11-11 15:15:00,34.267063,33.98265
2020-11-11 15:30:00,32.6026,32.602257
2020-11-11 15:45:00,30.482132,30.600214
2020-11-11 16:00:00,28.066332,27.880587
2020-11-11 16:15:00,25.660666,25.649391
2020-11-11 16:30:00,23.018665,23.222372
2020-11-11 16:45:00,20.046,20.551199
2020-11-11 17:00:00,16.655266,17.17775
2020-11-11 17:15:00,12.299466,13.831811
2020-11-11 17:30:00,6.4162,8.393432
2020-11-11 17:45:00,2.8722,3.894843
2020-11-11 18:00:00,0.849667,1.3726144
2020-11-11 18:15:00,0.033133,0.15907699
2020-11-11 18:30:00,0.0,0.030869173
2020-11-11 18:45:00,0.0,0.02965139
2020-11-11 19:00:00,0.0,0.02965139
2020-11-11 19:15:00,0.0,0.02965139
2020-11-11 19:30:00,0.0,0.02965139
2020-11-11 19:45:00,0.0,0.02965139
2020-11-11 20:00:00,0.0,0.02965139
2020-11-11 20:15:00,0.0,0.02965139
2020-11-11 20:30:00,0.0,0.02965139
2020-11-11 20:45:00,0.0,0.02965139
2020-11-11 21:00:00,0.0,0.02965139
2020-11-11 21:15:00,0.0,0.02965139
2020-11-11 21:30:00,0.0,0.02965139
2020-11-11 21:45:00,0.0,0.02965139
2020-11-11 22:00:00,0.0,0.02965139
2020-11-11 22:15:00,0.0,0.02965139
2020-11-11 22:30:00,0.0,0.02965139
2020-11-11 22:45:00,0.0,0.02965139
2020-11-11 23:00:00,0.0,0.02965139
2020-11-11 23:15:00,0.0,0.02965139
2020-11-11 23:30:00,0.0,0.02965139
2020-11-11 23:45:00,0.0,0.02965139
2020-11-12 00:00:00,0.0,0.02965139
2020-11-12 00:15:00,0.0,0.02965139
2020-11-12 00:30:00,0.0,0.02965139
2020-11-12 00:45:00,0.0,0.02965139
2020-11-12 01:00:00,0.0,0.02965139
2020-11-12 01:15:00,0.0,0.02965139
2020-11-12 01:30:00,0.0,0.02965139
2020-11-12 01:45:00,0.0,0.02965139
2020-11-12 02:00:00,0.0,0.02965139
2020-11-12 02:15:00,0.0,0.02965139
2020-11-12 02:30:00,0.0,0.02965139
2020-11-12 02:45:00,0.0,0.02965139
2020-11-12 03:00:00,0.0,0.02965139
2020-11-12 03:15:00,0.0,0.02965139
2020-11-12 03:30:00,0.0,0.02965139
2020-11-12 03:45:00,0.0,0.02965139
2020-11-12 04:00:00,0.0,0.02965139
2020-11-12 04:15:00,0.0,0.02965139
2020-11-12 04:30:00,0.0,0.02965139
2020-11-12 04:45:00,0.0,0.02965139
2020-11-12 05:00:00,0.0,0.02965139
2020-11-12 05:15:00,0.0,0.02965139
2020-11-12 05:30:00,0.0,0.02965139
2020-11-12 05:45:00,0.0,0.02965139
2020-11-12 06:00:00,0.0,0.02965139
2020-11-12 06:15:00,0.0,0.02965139
2020-11-12 06:30:00,0.0,0.02965139
2020-11-12 06:45:00,0.0,0.02965139
2020-11-12 07:00:00,0.0,0.02965139
2020-11-12 07:15:00,0.0,0.02965139
2020-11-12 07:30:00,0.0,0.02965139
2020-11-12 07:45:00,0.0,0.029657664
2020-11-12 08:00:00,0.0,0.029657664
2020-11-12 08:15:00,0.0,0.03310441
2020-11-12 08:30:00,0.184733,0.07533376
2020-11-12 08:45:00,1.1616,1.0225517
2020-11-12 09:00:00,3.043933,3.0534468
2020-11-12 09:15:00,6.085933,6.395704
2020-11-12 09:30:00,11.990266,10.397176
2020-11-12 09:45:00,16.134533,8.719717
2020-11-12 10:00:00,19.2794,17.525158
2020-11-12 10:15:00,21.017733,21.932423
2020-11-12 10:30:00,19.414665,15.568033
2020-11-12 10:45:00,28.336666,23.347044
2020-11-12 11:00:00,30.621332,30.652067
2020-11-12 11:15:00,32.4926,32.226704
2020-11-12 11:30:00,34.082066,33.615368
2020-11-12 11:45:00,35.363197,35.438736
2020-11-12 12:00:00,36.082333,36.450718
2020-11-12 12:15:00,23.801466,36.965973
2020-11-12 12:30:00,25.7484,25.905699
2020-11-12 12:45:00,21.842,27.613604
2020-11-12 13:00:00,18.5182,22.17967
2020-11-12 13:15:00,18.071934,18.517172
2020-11-12 13:30:00,19.7904,18.987183
2020-11-12 13:45:00,18.279266,21.12978
2020-11-12 14:00:00,17.8098,19.202923
2020-11-12 14:15:00,16.923466,18.75101
2020-11-12 14:30:00,16.603065,17.834078
2020-11-12 14:45:00,16.7252,17.299566
2020-11-12 15:00:00,16.807667,16.99596
2020-11-12 15:15:00,16.622932,17.21993
2020-11-12 15:30:00,18.045134,16.816723
2020-11-12 15:45:00,18.499998,18.099216
2020-11-12 16:00:00,18.876799,18.59685
2020-11-12 16:15:00,20.168531,19.004707
2020-11-12 16:30:00,21.320198,20.331512
2020-11-12 16:45:00,17.897799,19.777805
2020-11-12 17:00:00,14.224933,15.55489
2020-11-12 17:15:00,9.906733,11.006073
2020-11-12 17:30:00,4.230867,6.1509724
2020-11-12 17:45:00,1.742467,2.2188427
2020-11-12 18:00:00,0.624133,0.6932947
2020-11-12 18:15:00,0.0352,0.12755921
2020-11-12 18:30:00,0.0,0.030960845
2020-11-12 18:45:00,0.0,0.02965139
2020-11-12 19:00:00,0.0,0.02965139
2020-11-12 19:15:00,0.0,0.02965139
2020-11-12 19:30:00,0.0,0.02965139
2020-11-12 19:45:00,0.0,0.02965139
2020-11-12 20:00:00,0.0,0.02965139
2020-11-12 20:15:00,0.0,0.02965139
2020-11-12 20:30:00,0.0,0.02965139
2020-11-12 20:45:00,0.0,0.02965139
2020-11-12 21:00:00,0.0,0.02965139
2020-11-12 21:15:00,0.0,0.02965139
2020-11-12 21:30:00,0.0,0.02965139
2020-11-12 21:45:00,0.0,0.02965139
2020-11-12 22:00:00,0.0,0.02965139
2020-11-12 22:15:00,0.0,0.02965139
2020-11-12 22:30:00,0.0,0.02965139
2020-11-12 22:45:00,0.0,0.02965139
2020-11-12 23:00:00,0.0,0.02965139
2020-11-12 23:15:00,0.0,0.02965139
2020-11-12 23:30:00,0.0,0.02965139
2020-11-12 23:45:00,0.0,0.02965139
2020-11-13 00:00:00,0.0,0.02965139
2020-11-13 00:15:00,0.0,0.02965139
2020-11-13 00:30:00,0.0,0.02965139
2020-11-13 00:45:00,0.0,0.02965139
2020-11-13 01:00:00,0.0,0.02965139
2020-11-13 01:15:00,0.0,0.02965139
2020-11-13 01:30:00,0.0,0.02965139
2020-11-13 01:45:00,0.0,0.02965139
2020-11-13 02:00:00,0.0,0.02965139
2020-11-13 02:15:00,0.0,0.02965139
2020-11-13 02:30:00,0.0,0.02965139
2020-11-13 02:45:00,0.0,0.02965139
2020-11-13 03:00:00,0.0,0.02965139
2020-11-13 03:15:00,0.0,0.02965139
2020-11-13 03:30:00,0.0,0.02965139
2020-11-13 03:45:00,0.0,0.02965139
2020-11-13 04:00:00,0.0,0.02965139
2020-11-13 04:15:00,0.0,0.02965139
2020-11-13 04:30:00,0.0,0.02965139
2020-11-13 04:45:00,0.0,0.02965139
2020-11-13 05:00:00,0.0,0.02965139
2020-11-13 05:15:00,0.0,0.02965139
2020-11-13 05:30:00,0.0,0.02965139
2020-11-13 05:45:00,0.0,0.02965139
2020-11-13 06:00:00,0.0,0.02965139
2020-11-13 06:15:00,0.0,0.02965139
2020-11-13 06:30:00,0.0,0.02965139
2020-11-13 06:45:00,0.0,0.02965139
2020-11-13 07:00:00,0.0,0.02965139
2020-11-13 07:15:00,0.0,0.02965139
2020-11-13 07:30:00,0.0,0.02965139
2020-11-13 07:45:00,0.0,0.029657664
2020-11-13 08:00:00,0.0,0.029657664
2020-11-13 08:15:00,0.0,0.03310441
2020-11-13 08:30:00,0.056533,0.07125358
2020-11-13 08:45:00,0.681133,0.6209362
2020-11-13 09:00:00,2.7386,2.6642146
2020-11-13 09:15:00,5.897733,5.947529
2020-11-13 09:30:00,11.947666,10.3239355
2020-11-13 09:45:00,16.46,9.318443
2020-11-13 10:00:00,19.9502,18.011827
2020-11-13 10:15:00,23.015266,22.90062
2020-11-13 10:30:00,25.936998,25.456758
2020-11-13 10:45:00,28.410267,28.638384
2020-11-13 11:00:00,30.4868,30.471909
2020-11-13 11:15:00,32.365467,31.877783
2020-11-13 11:30:00,33.97333,33.83703
2020-11-13 11:45:00,35.407333,35.30274
2020-11-13 12:00:00,36.7328,36.66856
2020-11-13 12:15:00,37.816998,37.69129
2020-11-13 12:30:00,38.587864,38.472538
2020-11-13 12:45:00,37.748264,38.7228
2020-11-13 13:00:00,31.087399,38.435474
2020-11-13 13:15:00,27.816933,32.159916
2020-11-13 13:30:00,25.815332,29.08424
2020-11-13 13:45:00,19.510332,26.491802
2020-11-13 14:00:00,15.559133,19.488888
2020-11-13 14:15:00,13.982799,16.50061
2020-11-13 14:30:00,11.983733,13.852032
2020-11-13 14:45:00,11.882533,13.307502
2020-11-13 15:00:00,11.818933,13.358495
2020-11-13 15:15:00,12.893199,13.678031
2020-11-13 15:30:00,13.983666,13.830307
2020-11-13 15:45:00,17.624666,14.350269
2020-11-13 16:00:00,18.849266,19.129614
2020-11-13 16:15:00,25.962732,19.587189
2020-11-13 16:30:00,23.309265,23.466906
2020-11-13 16:45:00,20.166199,21.031836
2020-11-13 17:00:00,16.428799,17.663063
2020-11-13 17:15:00,11.525399,13.789251
2020-11-13 17:30:00,5.591533,8.02219
2020-11-13 17:45:00,2.3414,3.7064857
2020-11-13 18:00:00,0.329067,0.8191127
2020-11-13 18:15:00,0.0,0.07821969
2020-11-13 18:30:00,0.0,0.010540287
2020-11-13 18:45:00,0.0,0.02965139
2020-11-13 19:00:00,0.0,0.02965139
2020-11-13 19:15:00,0.0,0.02965139
2020-11-13 19:30:00,0.0,0.02965139
2020-11-13 19:45:00,0.0,0.02965139
2020-11-13 20:00:00,0.0,0.02965139
2020-11-13 20:15:00,0.0,0.02965139
2020-11-13 20:30:00,0.0,0.02965139
2020-11-13 20:45:00,0.0,0.02965139
2020-11-13 21:00:00,0.0,0.02965139
2020-11-13 21:15:00,0.0,0.02965139
2020-11-13 21:30:00,0.0,0.02965139
2020-11-13 21:45:00,0.0,0.02965139
2020-11-13 22:00:00,0.0,0.02965139
2020-11-13 22:15:00,0.0,0.02965139
2020-11-13 22:30:00,0.0,0.02965139
2020-11-13 22:45:00,0.0,0.02965139
2020-11-13 23:00:00,0.0,0.02965139
2020-11-13 23:15:00,0.0,0.02965139
2020-11-13 23:30:00,0.0,0.02965139
2020-11-13 23:45:00,0.0,0.02965139
2020-11-14 00:00:00,0.0,0.02965139
2020-11-14 00:15:00,0.0,0.02965139
2020-11-14 00:30:00,0.0,0.02965139
2020-11-14 00:45:00,0.0,0.02965139
2020-11-14 01:00:00,0.0,0.02965139
2020-11-14 01:15:00,0.0,0.02965139
2020-11-14 01:30:00,0.0,0.02965139
2020-11-14 01:45:00,0.0,0.02965139
2020-11-14 02:00:00,0.0,0.02965139
2020-11-14 02:15:00,0.0,0.02965139
2020-11-14 02:30:00,0.0,0.02965139
2020-11-14 02:45:00,0.0,0.02965139
2020-11-14 03:00:00,0.0,0.02965139
2020-11-14 03:15:00,0.0,0.02965139
2020-11-14 03:30:00,0.0,0.02965139
2020-11-14 03:45:00,0.0,0.02965139
2020-11-14 04:00:00,0.0,0.02965139
2020-11-14 04:15:00,0.0,0.02965139
2020-11-14 04:30:00,0.0,0.02965139
2020-11-14 04:45:00,0.0,0.02965139
2020-11-14 05:00:00,0.0,0.02965139
2020-11-14 05:15:00,0.0,0.02965139
2020-11-14 05:30:00,0.0,0.02965139
2020-11-14 05:45:00,0.0,0.02965139
2020-11-14 06:00:00,0.0,0.02965139
2020-11-14 06:15:00,0.0,0.02965139
2020-11-14 06:30:00,0.0,0.02965139
2020-11-14 06:45:00,0.0,0.02965139
2020-11-14 07:00:00,0.0,0.02965139
2020-11-14 07:15:00,0.0,0.02965139
2020-11-14 07:30:00,0.0,0.02965139
2020-11-14 07:45:00,0.0,0.029657664
2020-11-14 08:00:00,0.0,0.029657664
2020-11-14 08:15:00,0.0,0.03310441
2020-11-14 08:30:00,0.078333,0.035516344
2020-11-14 08:45:00,0.760933,0.5979662
2020-11-14 09:00:00,2.258067,2.5715206
2020-11-14 09:15:00,4.7474,5.171473
2020-11-14 09:30:00,10.1632,8.715404
2020-11-14 09:45:00,15.865,11.65831
2020-11-14 10:00:00,18.951733,18.970167
2020-11-14 10:15:00,17.8946,17.590687
2020-11-14 10:30:00,26.850733,22.008968
2020-11-14 10:45:00,26.031866,28.93517
2020-11-14 11:00:00,23.598467,26.262062
2020-11-14 11:15:00,29.016132,24.699621
2020-11-14 11:30:00,34.160866,32.1875
2020-11-14 11:45:00,35.485733,35.185482
2020-11-14 12:00:00,36.7348,36.255062
2020-11-14 12:15:00,37.649067,37.20102
2020-11-14 12:30:00,38.620865,38.330914
2020-11-14 12:45:00,39.235397,39.030075
2020-11-14 13:00:00,39.479866,39.304577
2020-11-14 13:15:00,39.724464,39.706066
2020-11-14 13:30:00,39.897,39.733143
2020-11-14 13:45:00,39.8802,39.867676
2020-11-14 14:00:00,39.4012,39.470642
2020-11-14 14:15:00,38.910065,38.760643
2020-11-14 14:30:00,38.0098,38.172016
2020-11-14 14:45:00,36.719666,37.24865
2020-11-14 15:00:00,35.190666,35.364574
2020-11-14 15:15:00,33.538,33.874477
2020-11-14 15:30:00,31.647865,32.3672
2020-11-14 15:45:00,29.657398,29.659128
2020-11-14 16:00:00,26.9572,27.52711
2020-11-14 16:15:00,25.030466,24.519522
2020-11-14 16:30:00,21.866598,22.406054
2020-11-14 16:45:00,18.146,19.219465
2020-11-14 17:00:00,15.203066,15.167577
2020-11-14 17:15:00,9.317666,12.53263
2020-11-14 17:30:00,4.601467,5.7023425
2020-11-14 17:45:00,1.9846,3.1442432
2020-11-14 18:00:00,0.355667,0.5752279
2020-11-14 18:15:00,0.0,0.007803897
2020-11-14 18:30:00,0.0,0.02965139
2020-11-14 18:45:00,0.0,0.02965139
2020-11-14 19:00:00,0.0,0.02965139
2020-11-14 19:15:00,0.0,0.02965139
2020-11-14 19:30:00,0.0,0.02965139
2020-11-14 19:45:00,0.0,0.02965139
2020-11-14 20:00:00,0.0,0.02965139
2020-11-14 20:15:00,0.0,0.02965139
2020-11-14 20:30:00,0.0,0.02965139
2020-11-14 20:45:00,0.0,0.02965139
2020-11-14 21:00:00,0.0,0.02965139
2020-11-14 21:15:00,0.0,0.02965139
2020-11-14 21:30:00,0.0,0.02965139
2020-11-14 21:45:00,0.0,0.02965139
2020-11-14 22:00:00,0.0,0.02965139
2020-11-14 22:15:00,0.0,0.02965139
2020-11-14 22:30:00,0.0,0.02965139
2020-11-14 22:45:00,0.0,0.02965139
2020-11-14 23:00:00,0.0,0.02965139
2020-11-14 23:15:00,0.0,0.02965139
2020-11-14 23:30:00,0.0,0.02965139
2020-11-14 23:45:00,0.0,0.02965139
2020-11-15 00:00:00,0.0,0.02965139
2020-11-15 00:15:00,0.0,0.02965139
2020-11-15 00:30:00,0.0,0.02965139
2020-11-15 00:45:00,0.0,0.02965139
2020-11-15 01:00:00,0.0,0.02965139
2020-11-15 01:15:00,0.0,0.02965139
2020-11-15 01:30:00,0.0,0.02965139
2020-11-15 01:45:00,0.0,0.02965139
2020-11-15 02:00:00,0.0,0.02965139
2020-11-15 02:15:00,0.0,0.02965139
2020-11-15 02:30:00,0.0,0.02965139
2020-11-15 02:45:00,0.0,0.02965139
2020-11-15 03:00:00,0.0,0.02965139
2020-11-15 03:15:00,0.0,0.02965139
2020-11-15 03:30:00,0.0,0.02965139
2020-11-15 03:45:00,0.0,0.02965139
2020-11-15 04:00:00,0.0,0.02965139
2020-11-15 04:15:00,0.0,0.02965139
2020-11-15 04:30:00,0.0,0.02965139
2020-11-15 04:45:00,0.0,0.02965139
2020-11-15 05:00:00,0.0,0.02965139
2020-11-15 05:15:00,0.0,0.02965139
2020-11-15 05:30:00,0.0,0.02965139
2020-11-15 05:45:00,0.0,0.02965139
2020-11-15 06:00:00,0.0,0.02965139
2020-11-15 06:15:00,0.0,0.02965139
2020-11-15 06:30:00,0.0,0.02965139
2020-11-15 06:45:00,0.0,0.02965139
2020-11-15 07:00:00,0.0,0.02965139
2020-11-15 07:15:00,0.0,0.02965139
2020-11-15 07:30:00,0.0,0.02965139
2020-11-15 07:45:00,0.0,0.029657664
2020-11-15 08:00:00,0.0,0.029657664
2020-11-15 08:15:00,0.0,0.03310441
2020-11-15 08:30:00,0.0,0.035516344
2020-11-15 08:45:00,0.0,0.4254755
2020-11-15 09:00:00,0.0,1.1845815
2020-11-15 09:15:00,0.0,1.182566
2020-11-15 09:30:00,0.0,1.0927186
2020-11-15 09:45:00,0.0,1.4723306
2020-11-15 10:00:00,0.0,0.510799
2020-11-15 10:15:00,0.0,0.18945038
2020-11-15 10:30:00,0.0,0.27982378
2020-11-15 10:45:00,0.0,0.28227395
2020-11-15 11:00:00,0.0,0.18746707
2020-11-15 11:15:00,0.0,0.14973608
2020-11-15 11:30:00,0.0,0.43099716
2020-11-15 11:45:00,0.0,1.0415065
2020-11-15 12:00:00,0.0,0.2909594
2020-11-15 12:15:00,0.0,1.0672427
2020-11-15 12:30:00,0.069667,0.57563674
2020-11-15 12:45:00,1.7188,0.6758824
2020-11-15 13:00:00,9.505467,4.2015495
2020-11-15 13:15:00,15.145266,13.349263
2020-11-15 13:30:00,15.576666,17.843937
2020-11-15 13:45:00,14.992733,18.977604
2020-11-15 14:00:00,15.185,15.973428
2020-11-15 14:15:00,14.612133,17.44543
2020-11-15 14:30:00,14.744799,15.126536
2020-11-15 14:45:00,14.196733,15.666891
2020-11-15 15:00:00,18.5644,14.459859
2020-11-15 15:15:00,13.750066,17.844925
2020-11-15 15:30:00,7.255933,8.976109
2020-11-15 15:45:00,16.2146,7.1628885
2020-11-15 16:00:00,21.791065,20.421087
2020-11-15 16:15:00,14.117799,18.106916
2020-11-15 16:30:00,10.036666,11.824943
2020-11-15 16:45:00,15.151667,14.94971
2020-11-15 17:00:00,11.742866,13.677429
2020-11-15 17:15:00,6.161667,8.575427
2020-11-15 17:30:00,3.222667,4.2234583
2020-11-15 17:45:00,1.130933,1.661463
2020-11-15 18:00:00,0.109733,0.2979911
2020-11-15 18:15:00,0.0,0.03151386
2020-11-15 18:30:00,0.0,0.02965139
2020-11-15 18:45:00,0.0,0.02965139
2020-11-15 19:00:00,0.0,0.02965139
2020-11-15 19:15:00,0.0,0.02965139
2020-11-15 19:30:00,0.0,0.02965139
2020-11-15 19:45:00,0.0,0.02965139
2020-11-15 20:00:00,0.0,0.02965139
2020-11-15 20:15:00,0.0,0.02965139
2020-11-15 20:30:00,0.0,0.02965139
2020-11-15 20:45:00,0.0,0.02965139
2020-11-15 21:00:00,0.0,0.02965139
2020-11-15 21:15:00,0.0,0.02965139
2020-11-15 21:30:00,0.0,0.02965139
2020-11-15 21:45:00,0.0,0.02965139
2020-11-15 22:00:00,0.0,0.02965139
2020-11-15 22:15:00,0.0,0.02965139
2020-11-15 22:30:00,0.0,0.02965139
2020-11-15 22:45:00,0.0,0.02965139
2020-11-15 23:00:00,0.0,0.02965139
2020-11-15 23:15:00,0.0,0.02965139
2020-11-15 23:30:00,0.0,0.02965139
2020-11-15 23:45:00,0.0,0.02965139
2020-11-16 00:00:00,0.0,0.02965139
2020-11-16 00:15:00,0.0,0.02965139
2020-11-16 00:30:00,0.0,0.02965139
2020-11-16 00:45:00,0.0,0.02965139
2020-11-16 01:00:00,0.0,0.02965139
2020-11-16 01:15:00,0.0,0.02965139
2020-11-16 01:30:00,0.0,0.02965139
2020-11-16 01:45:00,0.0,0.02965139
2020-11-16 02:00:00,0.0,0.02965139
2020-11-16 02:15:00,0.0,0.02965139
2020-11-16 02:30:00,0.0,0.02965139
2020-11-16 02:45:00,0.0,0.02965139
2020-11-16 03:00:00,0.0,0.02965139
2020-11-16 03:15:00,0.0,0.02965139
2020-11-16 03:30:00,0.0,0.02965139
2020-11-16 03:45:00,0.0,0.02965139
2020-11-16 04:00:00,0.0,0.02965139
2020-11-16 04:15:00,0.0,0.02965139
2020-11-16 04:30:00,0.0,0.02965139
2020-11-16 04:45:00,0.0,0.02965139
2020-11-16 05:00:00,0.0,0.02965139
2020-11-16 05:15:00,0.0,0.02965139
2020-11-16 05:30:00,0.0,0.02965139
2020-11-16 05:45:00,0.0,0.02965139
2020-11-16 06:00:00,0.0,0.02965139
2020-11-16 06:15:00,0.0,0.02965139
2020-11-16 06:30:00,0.0,0.02965139
2020-11-16 06:45:00,0.0,0.02965139
2020-11-16 07:00:00,0.0,0.02965139
2020-11-16 07:15:00,0.0,0.02965139
2020-11-16 07:30:00,0.0,0.02965139
2020-11-16 07:45:00,0.0,0.029657664
2020-11-16 08:00:00,0.0,0.029657664
2020-11-16 08:15:00,0.0,0.03310441
2020-11-16 08:30:00,0.0,0.03310441
2020-11-16 08:45:00,0.0258,0.03310441
2020-11-16 09:00:00,0.815533,0.14448321
2020-11-16 09:15:00,3.1776,2.6783352
2020-11-16 09:30:00,6.480133,6.4006696
2020-11-16 09:45:00,10.457133,9.12162
2020-11-16 10:00:00,13.301066,13.852557
2020-11-16 10:15:00,16.023933,16.331993
2020-11-16 10:30:00,18.968666,18.822212
2020-11-16 10:45:00,21.737066,21.339993
2020-11-16 11:00:00,24.1432,23.704994
2020-11-16 11:15:00,26.262999,25.969723
2020-11-16 11:30:00,27.9868,27.206556
2020-11-16 11:45:00,27.492931,29.569239
2020-11-16 12:00:00,28.055332,28.327295
2020-11-16 12:15:00,28.547333,28.40812
2020-11-16 12:30:00,29.123266,28.660517
2020-11-16 12:45:00,26.7704,29.161465
2020-11-16 13:00:00,19.329666,26.98078
2020-11-16 13:15:00,19.605398,20.783745
2020-11-16 13:30:00,21.7116,20.758486
2020-11-16 13:45:00,21.619665,22.979965
2020-11-16 14:00:00,22.133,21.976944
2020-11-16 14:15:00,27.138466,21.945572
2020-11-16 14:30:00,27.852999,28.373602
2020-11-16 14:45:00,27.891066,27.522474
2020-11-16 15:00:00,22.502998,26.962147
2020-11-16 15:15:00,23.707266,22.560272
2020-11-16 15:30:00,22.691532,22.969172
2020-11-16 15:45:00,22.031134,22.336632
2020-11-16 16:00:00,20.053467,19.148424
2020-11-16 16:15:00,16.7442,19.410643
2020-11-16 16:30:00,14.088533,16.634499
2020-11-16 16:45:00,8.1048,11.65872
2020-11-16 17:00:00,6.0042,6.896641
2020-11-16 17:15:00,5.107933,4.885286
2020-11-16 17:30:00,2.6748,4.003151
2020-11-16 17:45:00,0.998067,1.2620448
2020-11-16 18:00:00,0.123333,0.2885186
2020-11-16 18:15:00,0.0,0.03270266
2020-11-16 18:30:00,0.0,0.02965139
2020-11-16 18:45:00,0.0,0.02965139
2020-11-16 19:00:00,0.0,0.02965139
2020-11-16 19:15:00,0.0,0.02965139
2020-11-16 19:30:00,0.0,0.02965139
2020-11-16 19:45:00,0.0,0.02965139
2020-11-16 20:00:00,0.0,0.02965139
2020-11-16 20:15:00,0.0,0.02965139
2020-11-16 20:30:00,0.0,0.02965139
2020-11-16 20:45:00,0.0,0.02965139
2020-11-16 21:00:00,0.0,0.02965139
2020-11-16 21:15:00,0.0,0.02965139
2020-11-16 21:30:00,0.0,0.02965139
2020-11-16 21:45:00,0.0,0.02965139
2020-11-16 22:00:00,0.0,0.02965139
2020-11-16 22:15:00,0.0,0.02965139
2020-11-16 22:30:00,0.0,0.02965139
2020-11-16 22:45:00,0.0,0.02965139
2020-11-16 23:00:00,0.0,0.02965139
2020-11-16 23:15:00,0.0,0.02965139
2020-11-16 23:30:00,0.0,0.02965139
2020-11-16 23:45:00,0.0,0.02965139
2020-11-17 00:00:00,0.0,0.02965139
2020-11-17 00:15:00,0.0,0.02965139
2020-11-17 00:30:00,0.0,0.02965139
2020-11-17 00:45:00,0.0,0.02965139
2020-11-17 01:00:00,0.0,0.02965139
2020-11-17 01:15:00,0.0,0.02965139
2020-11-17 01:30:00,0.0,0.02965139
2020-11-17 01:45:00,0.0,0.02965139
2020-11-17 02:00:00,0.0,0.02965139
2020-11-17 02:15:00,0.0,0.02965139
2020-11-17 02:30:00,0.0,0.02965139
2020-11-17 02:45:00,0.0,0.02965139
2020-11-17 03:00:00,0.0,0.02965139
2020-11-17 03:15:00,0.0,0.02965139
2020-11-17 03:30:00,0.0,0.02965139
2020-11-17 03:45:00,0.0,0.02965139
2020-11-17 04:00:00,0.0,0.02965139
2020-11-17 04:15:00,0.0,0.02965139
2020-11-17 04:30:00,0.0,0.02965139
2020-11-17 04:45:00,0.0,0.02965139
2020-11-17 05:00:00,0.0,0.02965139
2020-11-17 05:15:00,0.0,0.02965139
2020-11-17 05:30:00,0.0,0.02965139
2020-11-17 05:45:00,0.0,0.02965139
2020-11-17 06:00:00,0.0,0.02965139
2020-11-17 06:15:00,0.0,0.02965139
2020-11-17 06:30:00,0.0,0.02965139
2020-11-17 06:45:00,0.0,0.02965139
2020-11-17 07:00:00,0.0,0.02965139
2020-11-17 07:15:00,0.0,0.02965139
2020-11-17 07:30:00,0.0,0.02965139
2020-11-17 07:45:00,0.0,0.029657664
2020-11-17 08:00:00,0.0,0.029657664
2020-11-17 08:15:00,0.0,0.03310441
2020-11-17 08:30:00,0.0,0.03310441
2020-11-17 08:45:00,0.116133,0.03718462
2020-11-17 09:00:00,1.009467,0.7169453
2020-11-17 09:15:00,2.793733,2.6179285
2020-11-17 09:30:00,4.9568,4.975217
2020-11-17 09:45:00,8.7116,7.89718
2020-11-17 10:00:00,10.613933,12.665702
2020-11-17 10:15:00,13.808933,12.022048
2020-11-17 10:30:00,16.814798,16.608706
2020-11-17 10:45:00,22.259466,20.069578
2020-11-17 11:00:00,23.639732,24.916298
2020-11-17 11:15:00,20.081066,22.579876
2020-11-17 11:30:00,19.802866,18.027512
2020-11-17 11:45:00,24.030733,24.037283
2020-11-17 12:00:00,32.625732,26.420847
2020-11-17 12:15:00,33.296734,34.659454
2020-11-17 12:30:00,33.0662,33.563995
2020-11-17 12:45:00,33.123066,33.873295
2020-11-17 13:00:00,23.760134,27.635231
2020-11-17 13:15:00,20.897999,23.544739
2020-11-17 13:30:00,21.943865,21.952732
2020-11-17 13:45:00,16.104399,19.955595
2020-11-17 14:00:00,22.497732,17.18137
2020-11-17 14:15:00,23.344534,23.659908
2020-11-17 14:30:00,24.702932,25.71618
2020-11-17 14:45:00,25.601599,22.669544
2020-11-17 15:00:00,30.481531,24.605259
2020-11-17 15:15:00,30.7734,30.511333
2020-11-17 15:30:00,29.521465,29.351158
2020-11-17 15:45:00,27.449932,27.97281
2020-11-17 16:00:00,24.904331,25.218643
2020-11-17 16:15:00,21.670666,22.521252
2020-11-17 16:30:00,18.8542,20.07713
2020-11-17 16:45:00,15.856,15.908267
2020-11-17 17:00:00,12.127799,13.031669
2020-11-17 17:15:00,7.655933,8.616288
2020-11-17 17:30:00,3.8404,4.792756
2020-11-17 17:45:00,1.7692,2.797132
2020-11-17 18:00:00,0.432467,0.9628184
2020-11-17 18:15:00,0.0,0.061266653
2020-11-17 18:30:00,0.0,0.02965139
2020-11-17 18:45:00,0.0,0.02965139
2020-11-17 19:00:00,0.0,0.02965139
2020-11-17 19:15:00,0.0,0.02965139
2020-11-17 19:30:00,0.0,0.02965139
2020-11-17 19:45:00,0.0,0.02965139
2020-11-17 20:00:00,0.0,0.02965139
2020-11-17 20:15:00,0.0,0.02965139
2020-11-17 20:30:00,0.0,0.02965139
2020-11-17 20:45:00,0.0,0.02965139
2020-11-17 21:00:00,0.0,0.02965139
2020-11-17 21:15:00,0.0,0.02965139
2020-11-17 21:30:00,0.0,0.02965139
2020-11-17 21:45:00,0.0,0.02965139
2020-11-17 22:00:00,0.0,0.02965139
2020-11-17 22:15:00,0.0,0.02965139
2020-11-17 22:30:00,0.0,0.02965139
2020-11-17 22:45:00,0.0,0.02965139
2020-11-17 23:00:00,0.0,0.02965139
2020-11-17 23:15:00,0.0,0.02965139
2020-11-17 23:30:00,0.0,0.02965139
2020-11-17 23:45:00,0.0,0.02965139
2020-11-18 00:00:00,0.0,0.02965139
2020-11-18 00:15:00,0.0,0.02965139
2020-11-18 00:30:00,0.0,0.02965139
2020-11-18 00:45:00,0.0,0.02965139
2020-11-18 01:00:00,0.0,0.02965139
2020-11-18 01:15:00,0.0,0.02965139
2020-11-18 01:30:00,0.0,0.02965139
2020-11-18 01:45:00,0.0,0.02965139
2020-11-18 02:00:00,0.0,0.02965139
2020-11-18 02:15:00,0.0,0.02965139
2020-11-18 02:30:00,0.0,0.02965139
2020-11-18 02:45:00,0.0,0.02965139
2020-11-18 03:00:00,0.0,0.02965139
2020-11-18 03:15:00,0.0,0.02965139
2020-11-18 03:30:00,0.0,0.02965139
2020-11-18 03:45:00,0.0,0.02965139
2020-11-18 04:00:00,0.0,0.02965139
2020-11-18 04:15:00,0.0,0.02965139
2020-11-18 04:30:00,0.0,0.02965139
2020-11-18 04:45:00,0.0,0.02965139
2020-11-18 05:00:00,0.0,0.02965139
2020-11-18 05:15:00,0.0,0.02965139
2020-11-18 05:30:00,0.0,0.02965139
2020-11-18 05:45:00,0.0,0.02965139
2020-11-18 06:00:00,0.0,0.02965139
2020-11-18 06:15:00,0.0,0.02965139
2020-11-18 06:30:00,0.0,0.02965139
2020-11-18 06:45:00,0.0,0.02965139
2020-11-18 07:00:00,0.0,0.02965139
2020-11-18 07:15:00,0.0,0.02965139
2020-11-18 07:30:00,0.0,0.02965139
2020-11-18 07:45:00,0.0,0.029657664
2020-11-18 08:00:00,0.0,0.029657664
2020-11-18 08:15:00,0.0,0.03310441
2020-11-18 08:30:00,0.007,0.03310441
2020-11-18 08:45:00,0.4612,0.24334596
2020-11-18 09:00:00,2.068867,2.0053818
2020-11-18 09:15:00,4.631,4.9344864
2020-11-18 09:30:00,9.2098,8.872424
2020-11-18 09:45:00,14.767133,13.658955
2020-11-18 10:00:00,15.401733,16.589884
2020-11-18 10:15:00,18.670134,18.408524
2020-11-18 10:30:00,24.554132,20.140146
2020-11-18 10:45:00,25.564798,26.313868
2020-11-18 11:00:00,31.346466,28.157648
2020-11-18 11:15:00,27.347532,31.347275
2020-11-18 11:30:00,29.222666,29.11377
2020-11-18 11:45:00,35.308132,31.136139
2020-11-18 12:00:00,35.271866,31.816654
2020-11-18 12:15:00,32.5608,36.357426
2020-11-18 12:30:00,26.3672,31.300268
2020-11-18 12:45:00,28.3506,29.592422
2020-11-18 13:00:00,21.853533,25.30509
2020-11-18 13:15:00,33.662933,25.612068
2020-11-18 13:30:00,38.57693,36.284065
2020-11-18 13:45:00,32.88293,36.24949
2020-11-18 14:00:00,36.95053,34.00055
2020-11-18 14:15:00,41.86153,36.51846
2020-11-18 14:30:00,39.125732,39.44886
2020-11-18 14:45:00,34.925865,34.784904
2020-11-18 15:00:00,37.751,33.688232
2020-11-18 15:15:00,34.31533,36.230522
2020-11-18 15:30:00,30.531733,32.677563
2020-11-18 15:45:00,22.311266,27.715178
2020-11-18 16:00:00,19.9026,24.069534
2020-11-18 16:15:00,15.713466,19.869076
2020-11-18 16:30:00,18.078999,15.070352
2020-11-18 16:45:00,21.2344,21.280918
2020-11-18 17:00:00,16.973,19.279451
2020-11-18 17:15:00,9.757667,13.515411
2020-11-18 17:30:00,4.764333,7.195291
2020-11-18 17:45:00,2.260933,4.046926
2020-11-18 18:00:00,0.445267,1.2009436
2020-11-18 18:15:00,0.0,0.029273333
2020-11-18 18:30:00,0.0,0.024222983
2020-11-18 18:45:00,0.0,0.02965139
2020-11-18 19:00:00,0.0,0.02965139
2020-11-18 19:15:00,0.0,0.02965139
2020-11-18 19:30:00,0.0,0.02965139
2020-11-18 19:45:00,0.0,0.02965139
2020-11-18 20:00:00,0.0,0.02965139
2020-11-18 20:15:00,0.0,0.02965139
2020-11-18 20:30:00,0.0,0.02965139
2020-11-18 20:45:00,0.0,0.02965139
2020-11-18 21:00:00,0.0,0.02965139
2020-11-18 21:15:00,0.0,0.02965139
2020-11-18 21:30:00,0.0,0.02965139
2020-11-18 21:45:00,0.0,0.02965139
2020-11-18 22:00:00,0.0,0.02965139
2020-11-18 22:15:00,0.0,0.02965139
2020-11-18 22:30:00,0.0,0.02965139
2020-11-18 22:45:00,0.0,0.02965139
2020-11-18 23:00:00,0.0,0.02965139
2020-11-18 23:15:00,0.0,0.02965139
2020-11-18 23:30:00,0.0,0.02965139
2020-11-18 23:45:00,0.0,0.02965139
2020-11-19 00:00:00,0.0,0.02965139
2020-11-19 00:15:00,0.0,0.02965139
2020-11-19 00:30:00,0.0,0.02965139
2020-11-19 00:45:00,0.0,0.02965139
2020-11-19 01:00:00,0.0,0.02965139
2020-11-19 01:15:00,0.0,0.02965139
2020-11-19 01:30:00,0.0,0.02965139
2020-11-19 01:45:00,0.0,0.02965139
2020-11-19 02:00:00,0.0,0.02965139
2020-11-19 02:15:00,0.0,0.02965139
2020-11-19 02:30:00,0.0,0.02965139
2020-11-19 02:45:00,0.0,0.02965139
2020-11-19 03:00:00,0.0,0.02965139
2020-11-19 03:15:00,0.0,0.02965139
2020-11-19 03:30:00,0.0,0.02965139
2020-11-19 03:45:00,0.0,0.02965139
2020-11-19 04:00:00,0.0,0.02965139
2020-11-19 04:15:00,0.0,0.02965139
2020-11-19 04:30:00,0.0,0.02965139
2020-11-19 04:45:00,0.0,0.02965139
2020-11-19 05:00:00,0.0,0.02965139
2020-11-19 05:15:00,0.0,0.02965139
2020-11-19 05:30:00,0.0,0.02965139
2020-11-19 05:45:00,0.0,0.02965139
2020-11-19 06:00:00,0.0,0.02965139
2020-11-19 06:15:00,0.0,0.02965139
2020-11-19 06:30:00,0.0,0.02965139
2020-11-19 06:45:00,0.0,0.02965139
2020-11-19 07:00:00,0.0,0.02965139
2020-11-19 07:15:00,0.0,0.02965139
2020-11-19 07:30:00,0.0,0.02965139
2020-11-19 07:45:00,0.0,0.029657664
2020-11-19 08:00:00,0.0,0.029657664
2020-11-19 08:15:00,0.0,0.03310441
2020-11-19 08:30:00,0.0,0.03310441
2020-11-19 08:45:00,0.136133,0.1369918
2020-11-19 09:00:00,1.1774,0.8518714
2020-11-19 09:15:00,2.449533,2.5733054
2020-11-19 09:30:00,5.9736,5.4741683
2020-11-19 09:45:00,11.412333,8.479076
2020-11-19 10:00:00,14.779466,17.725948
2020-11-19 10:15:00,19.234999,10.917194
2020-11-19 10:30:00,26.2134,22.663853
2020-11-19 10:45:00,29.156532,28.381886
2020-11-19 11:00:00,31.524864,30.707056
2020-11-19 11:15:00,33.216663,32.91488
2020-11-19 11:30:00,33.660133,34.252026
2020-11-19 11:45:00,32.6984,35.08856
2020-11-19 12:00:00,31.610199,34.147533
2020-11-19 12:15:00,30.339666,33.469913
2020-11-19 12:30:00,30.097399,31.967531
2020-11-19 12:45:00,29.042732,31.186213
2020-11-19 13:00:00,26.218533,30.024286
2020-11-19 13:15:00,24.945398,26.877829
2020-11-19 13:30:00,22.494534,24.93127
2020-11-19 13:45:00,21.1444,22.399513
2020-11-19 14:00:00,19.696333,21.552517
2020-11-19 14:15:00,19.224066,20.342829
2020-11-19 14:30:00,22.207867,20.786982
2020-11-19 14:45:00,22.1642,22.42186
2020-11-19 15:00:00,21.745132,21.770214
2020-11-19 15:15:00,21.7284,21.838196
2020-11-19 15:30:00,23.8662,21.803953
2020-11-19 15:45:00,25.578667,22.637053
2020-11-19 16:00:00,27.892132,25.326982
2020-11-19 16:15:00,25.004932,24.762297
2020-11-19 16:30:00,22.392666,22.256954
2020-11-19 16:45:00,19.2774,19.800568
2020-11-19 17:00:00,12.601733,16.013697
2020-11-19 17:15:00,2.6336,7.2378907
2020-11-19 17:30:00,1.142867,1.6375685
2020-11-19 17:45:00,0.8952,1.0058105
2020-11-19 18:00:00,0.206733,1.2078793
2020-11-19 18:15:00,0.0,0.0356384
2020-11-19 18:30:00,0.0,0.02965139
2020-11-19 18:45:00,0.0,0.02965139
2020-11-19 19:00:00,0.0,0.02965139
2020-11-19 19:15:00,0.0,0.02965139
2020-11-19 19:30:00,0.0,0.02965139
2020-11-19 19:45:00,0.0,0.02965139
2020-11-19 20:00:00,0.0,0.02965139
2020-11-19 20:15:00,0.0,0.02965139
2020-11-19 20:30:00,0.0,0.02965139
2020-11-19 20:45:00,0.0,0.02965139
2020-11-19 21:00:00,0.0,0.02965139
2020-11-19 21:15:00,0.0,0.02965139
2020-11-19 21:30:00,0.0,0.02965139
2020-11-19 21:45:00,0.0,0.02965139
2020-11-19 22:00:00,0.0,0.02965139
2020-11-19 22:15:00,0.0,0.02965139
2020-11-19 22:30:00,0.0,0.02965139
2020-11-19 22:45:00,0.0,0.02965139
2020-11-19 23:00:00,0.0,0.02965139
2020-11-19 23:15:00,0.0,0.02965139
2020-11-19 23:30:00,0.0,0.02965139
2020-11-19 23:45:00,0.0,0.02965139
2020-11-20 00:00:00,0.0,0.02965139
2020-11-20 00:15:00,0.0,0.02965139
2020-11-20 00:30:00,0.0,0.02965139
2020-11-20 00:45:00,0.0,0.02965139
2020-11-20 01:00:00,0.0,0.02965139
2020-11-20 01:15:00,0.0,0.02965139
2020-11-20 01:30:00,0.0,0.02965139
2020-11-20 01:45:00,0.0,0.02965139
2020-11-20 02:00:00,0.0,0.02965139
2020-11-20 02:15:00,0.0,0.02965139
2020-11-20 02:30:00,0.0,0.02965139
2020-11-20 02:45:00,0.0,0.02965139
2020-11-20 03:00:00,0.0,0.02965139
2020-11-20 03:15:00,0.0,0.02965139
2020-11-20 03:30:00,0.0,0.02965139
2020-11-20 03:45:00,0.0,0.02965139
2020-11-20 04:00:00,0.0,0.02965139
2020-11-20 04:15:00,0.0,0.02965139
2020-11-20 04:30:00,0.0,0.02965139
2020-11-20 04:45:00,0.0,0.02965139
2020-11-20 05:00:00,0.0,0.02965139
2020-11-20 05:15:00,0.0,0.02965139
2020-11-20 05:30:00,0.0,0.02965139
2020-11-20 05:45:00,0.0,0.02965139
2020-11-20 06:00:00,0.0,0.02965139
2020-11-20 06:15:00,0.0,0.02965139
2020-11-20 06:30:00,0.0,0.02965139
2020-11-20 06:45:00,0.0,0.02965139
2020-11-20 07:00:00,0.0,0.02965139
2020-11-20 07:15:00,0.0,0.0337316
2020-11-20 07:30:00,0.0,0.02965139
2020-11-20 07:45:00,0.0,0.029657664
2020-11-20 08:00:00,0.0,0.029657664
2020-11-20 08:15:00,0.0,0.03310441
2020-11-20 08:30:00,0.0,0.03310441
2020-11-20 08:45:00,0.0,0.07125358
2020-11-20 09:00:00,0.0,0.27777702
2020-11-20 09:15:00,0.330133,0.3850478
2020-11-20 09:30:00,1.6692,0.9542313
2020-11-20 09:45:00,3.0522,2.7407408
2020-11-20 10:00:00,6.950667,4.1620812
2020-11-20 10:15:00,7.1896,12.934876
2020-11-20 10:30:00,6.201933,8.215516
2020-11-20 10:45:00,7.4982,7.287376
2020-11-20 11:00:00,8.1506,7.646321
2020-11-20 11:15:00,14.374866,8.410253
2020-11-20 11:30:00,26.015799,19.838144
2020-11-20 11:45:00,15.005999,21.594156
2020-11-20 12:00:00,13.751666,13.763596
2020-11-20 12:15:00,17.671865,15.1079645
2020-11-20 12:30:00,12.349466,16.396612
2020-11-20 12:45:00,18.751131,11.356263
2020-11-20 13:00:00,26.0826,17.327715
2020-11-20 13:15:00,27.629,22.737524
2020-11-20 13:30:00,25.009466,28.436382
2020-11-20 13:45:00,31.039665,24.047554
2020-11-20 14:00:00,33.108734,32.50005
2020-11-20 14:15:00,33.206734,27.352608
2020-11-20 14:30:00,33.0494,33.4825
2020-11-20 14:45:00,33.706066,31.206392
2020-11-20 15:00:00,29.626598,33.6641
2020-11-20 15:15:00,21.333532,30.46818
2020-11-20 15:30:00,16.813334,20.78125
2020-11-20 15:45:00,17.090532,16.934046
2020-11-20 16:00:00,23.182133,21.256031
2020-11-20 16:15:00,22.9994,22.595892
2020-11-20 16:30:00,17.523533,19.490875
2020-11-20 16:45:00,14.111866,12.077785
2020-11-20 17:00:00,11.302333,10.829977
2020-11-20 17:15:00,6.0548,7.6755595
2020-11-20 17:30:00,3.8064,4.0692587
2020-11-20 17:45:00,1.949933,3.3090923
2020-11-20 18:00:00,0.351933,0.73181486
2020-11-20 18:15:00,0.0,0.06244623
2020-11-20 18:30:00,0.0,0.02965139
2020-11-20 18:45:00,0.0,0.02965139
2020-11-20 19:00:00,0.0,0.02965139
2020-11-20 19:15:00,0.0,0.02965139
2020-11-20 19:30:00,0.0,0.02965139
2020-11-20 19:45:00,0.0,0.02965139
2020-11-20 20:00:00,0.0,0.02965139
2020-11-20 20:15:00,0.0,0.02965139
2020-11-20 20:30:00,0.0,0.02965139
2020-11-20 20:45:00,0.0,0.02965139
2020-11-20 21:00:00,0.0,0.02965139
2020-11-20 21:15:00,0.0,0.02965139
2020-11-20 21:30:00,0.0,0.02965139
2020-11-20 21:45:00,0.0,0.02965139
2020-11-20 22:00:00,0.0,0.02965139
2020-11-20 22:15:00,0.0,0.02965139
2020-11-20 22:30:00,0.0,0.02965139
2020-11-20 22:45:00,0.0,0.02965139
2020-11-20 23:00:00,0.0,0.02965139
2020-11-20 23:15:00,0.0,0.02965139
2020-11-20 23:30:00,0.0,0.02965139
2020-11-20 23:45:00,0.0,0.02965139
2020-11-21 00:00:00,0.0,0.02965139
2020-11-21 00:15:00,0.0,0.02965139
2020-11-21 00:30:00,0.0,0.02965139
2020-11-21 00:45:00,0.0,0.02965139
2020-11-21 01:00:00,0.0,0.02965139
2020-11-21 01:15:00,0.0,0.02965139
2020-11-21 01:30:00,0.0,0.02965139
2020-11-21 01:45:00,0.0,0.02965139
2020-11-21 02:00:00,0.0,0.02965139
2020-11-21 02:15:00,0.0,0.02965139
2020-11-21 02:30:00,0.0,0.02965139
2020-11-21 02:45:00,0.0,0.02965139
2020-11-21 03:00:00,0.0,0.02965139
2020-11-21 03:15:00,0.0,0.02965139
2020-11-21 03:30:00,0.0,0.02965139
2020-11-21 03:45:00,0.0,0.02965139
2020-11-21 04:00:00,0.0,0.02965139
2020-11-21 04:15:00,0.0,0.02965139
2020-11-21 04:30:00,0.0,0.02965139
2020-11-21 04:45:00,0.0,0.02965139
2020-11-21 05:00:00,0.0,0.02965139
2020-11-21 05:15:00,0.0,0.02965139
2020-11-21 05:30:00,0.0,0.02965139
2020-11-21 05:45:00,0.0,0.02965139
2020-11-21 06:00:00,0.0,0.02965139
2020-11-21 06:15:00,0.0,0.02965139
2020-11-21 06:30:00,0.0,0.02965139
2020-11-21 06:45:00,0.0,0.02965139
2020-11-21 07:00:00,0.0,0.02965139
2020-11-21 07:15:00,0.0,0.02965139
2020-11-21 07:30:00,0.0,0.02965139
2020-11-21 07:45:00,0.0,0.029657664
2020-11-21 08:00:00,0.0,0.029657664
2020-11-21 08:15:00,0.0,0.03310441
2020-11-21 08:30:00,0.0,0.03310441
2020-11-21 08:45:00,0.2746,0.13327502
2020-11-21 09:00:00,1.963067,1.4395854
2020-11-21 09:15:00,5.142533,4.158379
2020-11-21 09:30:00,8.655133,9.3732195
2020-11-21 09:45:00,16.910133,13.566468
2020-11-21 10:00:00,22.775932,19.975603
2020-11-21 10:15:00,26.64,25.394539
2020-11-21 10:30:00,29.9268,28.412134
2020-11-21 10:45:00,32.731865,30.695965
2020-11-21 11:00:00,35.064865,33.918034
2020-11-21 11:15:00,37.089867,36.081852
2020-11-21 11:30:00,38.730198,37.599995
2020-11-21 11:45:00,40.1852,38.707924
2020-11-21 12:00:00,41.3914,40.302853
2020-11-21 12:15:00,42.6606,40.955532
2020-11-21 12:30:00,43.6526,42.507954
2020-11-21 12:45:00,44.149597,43.83148
2020-11-21 13:00:00,44.6782,44.274895
2020-11-21 13:15:00,45.092865,44.690716
2020-11-21 13:30:00,45.07,44.601883
2020-11-21 13:45:00,44.685265,44.591953
2020-11-21 14:00:00,44.156,44.113903
2020-11-21 14:15:00,43.260334,43.440266
2020-11-21 14:30:00,42.521065,42.109276
2020-11-21 14:45:00,41.580467,41.549297
2020-11-21 15:00:00,40.206264,39.43706
2020-11-21 15:15:00,38.5534,38.5129
2020-11-21 15:30:00,36.68893,36.381947
2020-11-21 15:45:00,34.635067,34.654808
2020-11-21 16:00:00,32.408398,31.96647
2020-11-21 16:15:00,29.766266,29.79842
2020-11-21 16:30:00,26.740465,27.820578
2020-11-21 16:45:00,23.188,23.889277
2020-11-21 17:00:00,17.604399,20.346933
2020-11-21 17:15:00,9.660333,14.890834
2020-11-21 17:30:00,5.2502,7.4789734
2020-11-21 17:45:00,2.378467,4.1269555
2020-11-21 18:00:00,0.345467,1.388959
2020-11-21 18:15:00,0.0,0.020605044
2020-11-21 18:30:00,0.0,0.009044978
2020-11-21 18:45:00,0.0,0.02965139
2020-11-21 19:00:00,0.0,0.02965139
2020-11-21 19:15:00,0.0,0.02965139
2020-11-21 19:30:00,0.0,0.02965139
2020-11-21 19:45:00,0.0,0.02965139
2020-11-21 20:00:00,0.0,0.02965139
2020-11-21 20:15:00,0.0,0.02965139
2020-11-21 20:30:00,0.0,0.02965139
2020-11-21 20:45:00,0.0,0.02965139
2020-11-21 21:00:00,0.0,0.02965139
2020-11-21 21:15:00,0.0,0.02965139
2020-11-21 21:30:00,0.0,0.02965139
2020-11-21 21:45:00,0.0,0.02965139
2020-11-21 22:00:00,0.0,0.02965139
2020-11-21 22:15:00,0.0,0.02965139
2020-11-21 22:30:00,0.0,0.02965139
2020-11-21 22:45:00,0.0,0.02965139
2020-11-21 23:00:00,0.0,0.02965139
2020-11-21 23:15:00,0.0,0.02965139
2020-11-21 23:30:00,0.0,0.02965139
2020-11-21 23:45:00,0.0,0.02965139
2020-11-22 00:00:00,0.0,0.02965139
2020-11-22 00:15:00,0.0,0.02965139
2020-11-22 00:30:00,0.0,0.02965139
2020-11-22 00:45:00,0.0,0.02965139
2020-11-22 01:00:00,0.0,0.02965139
2020-11-22 01:15:00,0.0,0.02965139
2020-11-22 01:30:00,0.0,0.02965139
2020-11-22 01:45:00,0.0,0.02965139
2020-11-22 02:00:00,0.0,0.02965139
2020-11-22 02:15:00,0.0,0.02965139
2020-11-22 02:30:00,0.0,0.02965139
2020-11-22 02:45:00,0.0,0.02965139
2020-11-22 03:00:00,0.0,0.02965139
2020-11-22 03:15:00,0.0,0.02965139
2020-11-22 03:30:00,0.0,0.02965139
2020-11-22 03:45:00,0.0,0.02965139
2020-11-22 04:00:00,0.0,0.02965139
2020-11-22 04:15:00,0.0,0.02965139
2020-11-22 04:30:00,0.0,0.02965139
2020-11-22 04:45:00,0.0,0.02965139
2020-11-22 05:00:00,0.0,0.02965139
2020-11-22 05:15:00,0.0,0.02965139
2020-11-22 05:30:00,0.0,0.02965139
2020-11-22 05:45:00,0.0,0.02965139
2020-11-22 06:00:00,0.0,0.02965139
2020-11-22 06:15:00,0.0,0.02965139
2020-11-22 06:30:00,0.0,0.02965139
2020-11-22 06:45:00,0.0,0.02965139
2020-11-22 07:00:00,0.0,0.02965139
2020-11-22 07:15:00,0.0,0.02965139
2020-11-22 07:30:00,0.0,0.02965139
2020-11-22 07:45:00,0.0,0.029657664
2020-11-22 08:00:00,0.0,0.029657664
2020-11-22 08:15:00,0.0,0.03310441
2020-11-22 08:30:00,0.0,0.03310441
2020-11-22 08:45:00,0.194333,0.09706521
2020-11-22 09:00:00,1.7928,1.545527
2020-11-22 09:15:00,5.116133,4.776459
2020-11-22 09:30:00,8.336666,9.714824
2020-11-22 09:45:00,16.3476,12.347487
2020-11-22 10:00:00,22.585464,20.40356
2020-11-22 10:15:00,26.306732,25.385471
2020-11-22 10:30:00,29.366467,28.540182
2020-11-22 10:45:00,31.755465,31.120897
2020-11-22 11:00:00,34.058132,33.17444
2020-11-22 11:15:00,36.06713,35.334023
2020-11-22 11:30:00,37.964,36.85582
2020-11-22 11:45:00,39.549465,38.630844
2020-11-22 12:00:00,40.5384,40.257915
2020-11-22 12:15:00,41.925198,40.702847
2020-11-22 12:30:00,43.237667,41.465656
2020-11-22 12:45:00,44.009796,42.85836
2020-11-22 13:00:00,44.261932,43.948135
2020-11-22 13:15:00,44.412666,44.211945
2020-11-22 13:30:00,42.50513,44.1061
2020-11-22 13:45:00,32.532665,42.204174
2020-11-22 14:00:00,18.707266,31.125113
2020-11-22 14:15:00,20.3874,20.785566
2020-11-22 14:30:00,23.248133,21.294752
2020-11-22 14:45:00,37.9762,24.768442
2020-11-22 15:00:00,39.5112,35.350433
2020-11-22 15:15:00,37.540398,36.394806
2020-11-22 15:30:00,35.175064,34.724236
2020-11-22 15:45:00,33.131065,33.233196
2020-11-22 16:00:00,30.901733,30.730015
2020-11-22 16:15:00,28.216665,28.444792
2020-11-22 16:30:00,25.306265,25.654842
2020-11-22 16:45:00,21.528732,22.908117
2020-11-22 17:00:00,15.796933,18.862404
2020-11-22 17:15:00,8.452466,14.094577
2020-11-22 17:30:00,4.426,6.5533676
2020-11-22 17:45:00,1.903933,3.6478395
2020-11-22 18:00:00,0.185067,1.1783916
2020-11-22 18:15:00,0.0,0.0
2020-11-22 18:30:00,0.0,0.010448615
2020-11-22 18:45:00,0.0,0.02965139
2020-11-22 19:00:00,0.0,0.02965139
2020-11-22 19:15:00,0.0,0.02965139
2020-11-22 19:30:00,0.0,0.02965139
2020-11-22 19:45:00,0.0,0.02965139
2020-11-22 20:00:00,0.0,0.02965139
2020-11-22 20:15:00,0.0,0.02965139
2020-11-22 20:30:00,0.0,0.02965139
2020-11-22 20:45:00,0.0,0.02965139
2020-11-22 21:00:00,0.0,0.02965139
2020-11-22 21:15:00,0.0,0.02965139
2020-11-22 21:30:00,0.0,0.02965139
2020-11-22 21:45:00,0.0,0.02965139
2020-11-22 22:00:00,0.0,0.02965139
2020-11-22 22:15:00,0.0,0.02965139
2020-11-22 22:30:00,0.0,0.02965139
2020-11-22 22:45:00,0.0,0.02965139
2020-11-22 23:00:00,0.0,0.02965139
2020-11-22 23:15:00,0.0,0.02965139
2020-11-22 23:30:00,0.0,0.02965139
2020-11-22 23:45:00,0.0,0.02965139
2020-11-23 00:00:00,0.0,0.02965139
2020-11-23 00:15:00,0.0,0.02965139
2020-11-23 00:30:00,0.0,0.02965139
2020-11-23 00:45:00,0.0,0.02965139
2020-11-23 01:00:00,0.0,0.02965139
2020-11-23 01:15:00,0.0,0.02965139
2020-11-23 01:30:00,0.0,0.02965139
2020-11-23 01:45:00,0.0,0.02965139
2020-11-23 02:00:00,0.0,0.02965139
2020-11-23 02:15:00,0.0,0.02965139
2020-11-23 02:30:00,0.0,0.02965139
2020-11-23 02:45:00,0.0,0.02965139
2020-11-23 03:00:00,0.0,0.02965139
2020-11-23 03:15:00,0.0,0.02965139
2020-11-23 03:30:00,0.0,0.02965139
2020-11-23 03:45:00,0.0,0.02965139
2020-11-23 04:00:00,0.0,0.02965139
2020-11-23 04:15:00,0.0,0.02965139
2020-11-23 04:30:00,0.0,0.02965139
2020-11-23 04:45:00,0.0,0.02965139
2020-11-23 05:00:00,0.0,0.02965139
2020-11-23 05:15:00,0.0,0.02965139
2020-11-23 05:30:00,0.0,0.02965139
2020-11-23 05:45:00,0.0,0.02965139
2020-11-23 06:00:00,0.0,0.02965139
2020-11-23 06:15:00,0.0,0.02965139
2020-11-23 06:30:00,0.0,0.02965139
2020-11-23 06:45:00,0.0,0.02965139
2020-11-23 07:00:00,0.0,0.02965139
2020-11-23 07:15:00,0.0,0.02965139
2020-11-23 07:30:00,0.0,0.02965139
2020-11-23 07:45:00,0.0,0.029657664
2020-11-23 08:00:00,0.0,0.029657664
2020-11-23 08:15:00,0.0,0.03310441
2020-11-23 08:30:00,0.0,0.03310441
2020-11-23 08:45:00,0.023867,0.07533376
2020-11-23 09:00:00,0.4786,0.3999523
2020-11-23 09:15:00,3.708267,3.076591
2020-11-23 09:30:00,6.903733,7.7976365
2020-11-23 09:45:00,13.997267,12.537484
2020-11-23 10:00:00,20.700666,18.732979
2020-11-23 10:15:00,24.376133,23.453875
2020-11-23 10:30:00,27.358665,27.0358
2020-11-23 10:45:00,29.923866,29.313541
2020-11-23 11:00:00,32.253063,31.377857
2020-11-23 11:15:00,34.354134,33.593414
2020-11-23 11:30:00,36.0682,35.579113
2020-11-23 11:45:00,37.59233,36.551163
2020-11-23 12:00:00,38.775867,38.027355
2020-11-23 12:15:00,39.4964,39.355198
2020-11-23 12:30:00,40.151264,39.86057
2020-11-23 12:45:00,40.6348,40.088066
2020-11-23 13:00:00,40.915997,40.912743
2020-11-23 13:15:00,40.82993,41.03334
2020-11-23 13:30:00,41.87733,40.941242
2020-11-23 13:45:00,42.608997,41.606415
2020-11-23 14:00:00,42.25933,41.91676
2020-11-23 14:15:00,41.896263,41.746487
2020-11-23 14:30:00,41.1522,40.993385
2020-11-23 14:45:00,40.02973,40.112907
2020-11-23 15:00:00,38.7342,38.456444
2020-11-23 15:15:00,37.08013,36.796883
2020-11-23 15:30:00,35.249466,35.006374
2020-11-23 15:45:00,33.201797,33.38499
2020-11-23 16:00:00,30.834131,30.633202
2020-11-23 16:15:00,28.136,28.55406
2020-11-23 16:30:00,25.182598,25.544888
2020-11-23 16:45:00,21.312134,22.660412
2020-11-23 17:00:00,13.792399,18.746569
2020-11-23 17:15:00,6.3732,8.991361
2020-11-23 17:30:00,2.116533,4.5531473
2020-11-23 17:45:00,0.404733,0.83771926
2020-11-23 18:00:00,0.049467,0.2216498
2020-11-23 18:15:00,0.0,0.062463216
2020-11-23 18:30:00,0.0,0.02965139
2020-11-23 18:45:00,0.0,0.02965139
2020-11-23 19:00:00,0.0,0.02965139
2020-11-23 19:15:00,0.0,0.02965139
2020-11-23 19:30:00,0.0,0.02965139
2020-11-23 19:45:00,0.0,0.02965139
2020-11-23 20:00:00,0.0,0.02965139
2020-11-23 20:15:00,0.0,0.02965139
2020-11-23 20:30:00,0.0,0.02965139
2020-11-23 20:45:00,0.0,0.02965139
2020-11-23 21:00:00,0.0,0.02965139
2020-11-23 21:15:00,0.0,0.02965139
2020-11-23 21:30:00,0.0,0.02965139
2020-11-23 21:45:00,0.0,0.02965139
2020-11-23 22:00:00,0.0,0.02965139
2020-11-23 22:15:00,0.0,0.02965139
2020-11-23 22:30:00,0.0,0.02965139
2020-11-23 22:45:00,0.0,0.02965139
2020-11-23 23:00:00,0.0,0.02965139
2020-11-23 23:15:00,0.0,0.02965139
2020-11-23 23:30:00,0.0,0.02965139
2020-11-23 23:45:00,0.0,0.02965139
2020-11-24 00:00:00,0.0,0.02965139
2020-11-24 00:15:00,0.0,0.02965139
2020-11-24 00:30:00,0.0,0.02965139
2020-11-24 00:45:00,0.0,0.02965139
2020-11-24 01:00:00,0.0,0.02965139
2020-11-24 01:15:00,0.0,0.02965139
2020-11-24 01:30:00,0.0,0.02965139
2020-11-24 01:45:00,0.0,0.02965139
2020-11-24 02:00:00,0.0,0.02965139
2020-11-24 02:15:00,0.0,0.02965139
2020-11-24 02:30:00,0.0,0.02965139
2020-11-24 02:45:00,0.0,0.02965139
2020-11-24 03:00:00,0.0,0.02965139
2020-11-24 03:15:00,0.0,0.02965139
2020-11-24 03:30:00,0.0,0.02965139
2020-11-24 03:45:00,0.0,0.02965139
2020-11-24 04:00:00,0.0,0.02965139
2020-11-24 04:15:00,0.0,0.02965139
2020-11-24 04:30:00,0.0,0.02965139
2020-11-24 04:45:00,0.0,0.02965139
2020-11-24 05:00:00,0.0,0.02965139
2020-11-24 05:15:00,0.0,0.02965139
2020-11-24 05:30:00,0.0,0.02965139
2020-11-24 05:45:00,0.0,0.02965139
2020-11-24 06:00:00,0.0,0.02965139
2020-11-24 06:15:00,0.0,0.02965139
2020-11-24 06:30:00,0.0,0.02965139
2020-11-24 06:45:00,0.0,0.02965139
2020-11-24 07:00:00,0.0,0.02965139
2020-11-24 07:15:00,0.0,0.02965139
2020-11-24 07:30:00,0.0,0.02965139
2020-11-24 07:45:00,0.0,0.029657664
2020-11-24 08:00:00,0.0,0.029657664
2020-11-24 08:15:00,0.0,0.03310441
2020-11-24 08:30:00,0.0,0.03310441
2020-11-24 08:45:00,0.135933,0.03310441
2020-11-24 09:00:00,0.989867,0.7081053
2020-11-24 09:15:00,1.851867,2.8315234
2020-11-24 09:30:00,2.107867,2.7152412
2020-11-24 09:45:00,2.863333,2.7162075
2020-11-24 10:00:00,4.098267,3.617848
2020-11-24 10:15:00,6.435,5.517669
2020-11-24 10:30:00,10.312,8.832975
2020-11-24 10:45:00,12.7752,11.656469
2020-11-24 11:00:00,10.1812,12.704084
2020-11-24 11:15:00,11.155866,10.291316
2020-11-24 11:30:00,12.800733,12.979076
2020-11-24 11:45:00,14.418466,12.71492
2020-11-24 12:00:00,14.336866,14.9392185
2020-11-24 12:15:00,14.794866,14.61468
2020-11-24 12:30:00,17.9296,17.19437
2020-11-24 12:45:00,21.731867,21.63569
2020-11-24 13:00:00,22.4308,22.661543
2020-11-24 13:15:00,27.753532,24.760086
2020-11-24 13:30:00,27.5182,25.582228
2020-11-24 13:45:00,25.236666,25.639196
2020-11-24 14:00:00,25.865665,26.131737
2020-11-24 14:15:00,23.747534,23.170341
2020-11-24 14:30:00,21.679533,25.242748
2020-11-24 14:45:00,20.594465,20.889778
2020-11-24 15:00:00,14.883533,16.664837
2020-11-24 15:15:00,12.640466,14.466092
2020-11-24 15:30:00,12.508933,11.673866
2020-11-24 15:45:00,15.448333,14.124831
2020-11-24 16:00:00,13.601933,11.930129
2020-11-24 16:15:00,14.766999,11.962575
2020-11-24 16:30:00,17.256199,18.065104
2020-11-24 16:45:00,10.074067,13.011225
2020-11-24 17:00:00,13.791666,14.611936
2020-11-24 17:15:00,6.634,11.210271
2020-11-24 17:30:00,3.373733,4.9405785
2020-11-24 17:45:00,1.1862,1.9717427
2020-11-24 18:00:00,0.144267,0.34972382
2020-11-24 18:15:00,0.0,0.036262624
2020-11-24 18:30:00,0.0,0.02965139
2020-11-24 18:45:00,0.0,0.02965139
2020-11-24 19:00:00,0.0,0.02965139
2020-11-24 19:15:00,0.0,0.02965139
2020-11-24 19:30:00,0.0,0.02965139
2020-11-24 19:45:00,0.0,0.02965139
2020-11-24 20:00:00,0.0,0.02965139
2020-11-24 20:15:00,0.0,0.02965139
2020-11-24 20:30:00,0.0,0.02965139
2020-11-24 20:45:00,0.0,0.02965139
2020-11-24 21:00:00,0.0,0.02965139
2020-11-24 21:15:00,0.0,0.02965139
2020-11-24 21:30:00,0.0,0.02965139
2020-11-24 21:45:00,0.0,0.02965139
2020-11-24 22:00:00,0.0,0.02965139
2020-11-24 22:15:00,0.0,0.02965139
2020-11-24 22:30:00,0.0,0.02965139
2020-11-24 22:45:00,0.0,0.02965139
2020-11-24 23:00:00,0.0,0.02965139
2020-11-24 23:15:00,0.0,0.02965139
2020-11-24 23:30:00,0.0,0.02965139
2020-11-24 23:45:00,0.0,0.02965139
2020-11-25 00:00:00,0.0,0.02965139
2020-11-25 00:15:00,0.0,0.02965139
2020-11-25 00:30:00,0.0,0.02965139
2020-11-25 00:45:00,0.0,0.02965139
2020-11-25 01:00:00,0.0,0.02965139
2020-11-25 01:15:00,0.0,0.02965139
2020-11-25 01:30:00,0.0,0.02965139
2020-11-25 01:45:00,0.0,0.02965139
2020-11-25 02:00:00,0.0,0.02965139
2020-11-25 02:15:00,0.0,0.02965139
2020-11-25 02:30:00,0.0,0.02965139
2020-11-25 02:45:00,0.0,0.02965139
2020-11-25 03:00:00,0.0,0.02965139
2020-11-25 03:15:00,0.0,0.02965139
2020-11-25 03:30:00,0.0,0.02965139
2020-11-25 03:45:00,0.0,0.02965139
2020-11-25 04:00:00,0.0,0.02965139
2020-11-25 04:15:00,0.0,0.02965139
2020-11-25 04:30:00,0.0,0.02965139
2020-11-25 04:45:00,0.0,0.02965139
2020-11-25 05:00:00,0.0,0.02965139
2020-11-25 05:15:00,0.0,0.02965139
2020-11-25 05:30:00,0.0,0.02965139
2020-11-25 05:45:00,0.0,0.02965139
2020-11-25 06:00:00,0.0,0.02965139
2020-11-25 06:15:00,0.0,0.02965139
2020-11-25 06:30:00,0.0,0.02965139
2020-11-25 06:45:00,0.0,0.02965139
2020-11-25 07:00:00,0.0,0.02965139
2020-11-25 07:15:00,0.0,0.02965139
2020-11-25 07:30:00,0.0,0.02965139
2020-11-25 07:45:00,0.0,0.029657664
2020-11-25 08:00:00,0.0,0.029657664
2020-11-25 08:15:00,0.0,0.03310441
2020-11-25 08:30:00,0.0,0.03310441
2020-11-25 08:45:00,0.1164,0.07125358
2020-11-25 09:00:00,0.884867,0.63615274
2020-11-25 09:15:00,2.431267,2.3918078
2020-11-25 09:30:00,4.599267,5.1540136
2020-11-25 09:45:00,8.881733,8.284035
2020-11-25 10:00:00,15.525466,14.122052
2020-11-25 10:15:00,19.834133,19.294058
2020-11-25 10:30:00,22.979265,22.526485
2020-11-25 10:45:00,25.630999,25.302158
2020-11-25 11:00:00,27.965132,27.32636
2020-11-25 11:15:00,30.157999,29.64774
2020-11-25 11:30:00,32.107067,31.05535
2020-11-25 11:45:00,33.631798,33.541542
2020-11-25 12:00:00,34.960464,34.83502
2020-11-25 12:15:00,36.026333,35.88246
2020-11-25 12:30:00,36.920998,36.6744
2020-11-25 12:45:00,37.632065,37.431316
2020-11-25 13:00:00,38.285065,38.088585
2020-11-25 13:15:00,38.64833,38.325943
2020-11-25 13:30:00,38.7866,38.805405
2020-11-25 13:45:00,38.9146,38.998356
2020-11-25 14:00:00,38.36093,38.895252
2020-11-25 14:15:00,37.450066,37.901905
2020-11-25 14:30:00,36.6666,37.135983
2020-11-25 14:45:00,35.68833,36.16699
2020-11-25 15:00:00,34.575333,34.57805
2020-11-25 15:15:00,32.90353,33.021404
2020-11-25 15:30:00,30.7316,31.237083
2020-11-25 15:45:00,28.720598,28.747728
2020-11-25 16:00:00,26.077665,26.072895
2020-11-25 16:15:00,23.052334,23.820133
2020-11-25 16:30:00,19.623667,20.333212
2020-11-25 16:45:00,15.796066,16.387962
2020-11-25 17:00:00,10.503866,12.053546
2020-11-25 17:15:00,5.468867,7.0445957
2020-11-25 17:30:00,2.611867,3.6484568
2020-11-25 17:45:00,1.1232,1.2837392
2020-11-25 18:00:00,0.142,0.292793
2020-11-25 18:15:00,0.0,0.031422187
2020-11-25 18:30:00,0.0,0.02965139
2020-11-25 18:45:00,0.0,0.02965139
2020-11-25 19:00:00,0.0,0.02965139
2020-11-25 19:15:00,0.0,0.02965139
2020-11-25 19:30:00,0.0,0.02965139
2020-11-25 19:45:00,0.0,0.02965139
2020-11-25 20:00:00,0.0,0.02965139
2020-11-25 20:15:00,0.0,0.02965139
2020-11-25 20:30:00,0.0,0.02965139
2020-11-25 20:45:00,0.0,0.02965139
2020-11-25 21:00:00,0.0,0.02965139
2020-11-25 21:15:00,0.0,0.02965139
2020-11-25 21:30:00,0.0,0.02965139
2020-11-25 21:45:00,0.0,0.02965139
2020-11-25 22:00:00,0.0,0.02965139
2020-11-25 22:15:00,0.0,0.02965139
2020-11-25 22:30:00,0.0,0.02965139
2020-11-25 22:45:00,0.0,0.02965139
2020-11-25 23:00:00,0.0,0.02965139
2020-11-25 23:15:00,0.0,0.02965139
2020-11-25 23:30:00,0.0,0.02965139
2020-11-25 23:45:00,0.0,0.02965139
2020-11-26 00:00:00,0.0,0.02965139
2020-11-26 00:15:00,0.0,0.02965139
2020-11-26 00:30:00,0.0,0.02965139
2020-11-26 00:45:00,0.0,0.02965139
2020-11-26 01:00:00,0.0,0.02965139
2020-11-26 01:15:00,0.0,0.02965139
2020-11-26 01:30:00,0.0,0.02965139
2020-11-26 01:45:00,0.0,0.02965139
2020-11-26 02:00:00,0.0,0.02965139
2020-11-26 02:15:00,0.0,0.02965139
2020-11-26 02:30:00,0.0,0.02965139
2020-11-26 02:45:00,0.0,0.02965139
2020-11-26 03:00:00,0.0,0.02965139
2020-11-26 03:15:00,0.0,0.02965139
2020-11-26 03:30:00,0.0,0.02965139
2020-11-26 03:45:00,0.0,0.02965139
2020-11-26 04:00:00,0.0,0.02965139
2020-11-26 04:15:00,0.0,0.02965139
2020-11-26 04:30:00,0.0,0.02965139
2020-11-26 04:45:00,0.0,0.02965139
2020-11-26 05:00:00,0.0,0.02965139
2020-11-26 05:15:00,0.0,0.02965139
2020-11-26 05:30:00,0.0,0.02965139
2020-11-26 05:45:00,0.0,0.02965139
2020-11-26 06:00:00,0.0,0.02965139
2020-11-26 06:15:00,0.0,0.02965139
2020-11-26 06:30:00,0.0,0.02965139
2020-11-26 06:45:00,0.0,0.02965139
2020-11-26 07:00:00,0.0,0.02965139
2020-11-26 07:15:00,0.0,0.02965139
2020-11-26 07:30:00,0.0,0.02965139
2020-11-26 07:45:00,0.0,0.029657664
2020-11-26 08:00:00,0.0,0.029657664
2020-11-26 08:15:00,0.0,0.03310441
2020-11-26 08:30:00,0.0,0.03310441
2020-11-26 08:45:00,0.0962,0.054909762
2020-11-26 09:00:00,0.8228,0.6726793
2020-11-26 09:15:00,2.626467,2.5742264
2020-11-26 09:30:00,4.970267,5.1612635
2020-11-26 09:45:00,9.202067,9.2042055
2020-11-26 10:00:00,16.132532,15.15278
2020-11-26 10:15:00,20.522799,18.83254
2020-11-26 10:30:00,23.941067,23.079153
2020-11-26 10:45:00,26.836199,26.592077
2020-11-26 11:00:00,29.391066,28.937595
2020-11-26 11:15:00,31.648466,31.12083
2020-11-26 11:30:00,33.498333,33.18365
2020-11-26 11:45:00,35.27553,34.90097
2020-11-26 12:00:00,36.830532,36.56213
2020-11-26 12:15:00,37.913464,37.460697
2020-11-26 12:30:00,38.85533,38.54595
2020-11-26 12:45:00,39.81253,39.267273
2020-11-26 13:00:00,40.440063,39.856964
2020-11-26 13:15:00,40.878597,40.460705
2020-11-26 13:30:00,41.112534,40.736362
2020-11-26 13:45:00,40.937263,40.743855
2020-11-26 14:00:00,40.567398,40.64513
2020-11-26 14:15:00,39.949467,40.527653
2020-11-26 14:30:00,39.23733,38.979923
2020-11-26 14:45:00,38.156532,38.21375
2020-11-26 15:00:00,36.926132,36.99382
2020-11-26 15:15:00,35.400463,35.20142
2020-11-26 15:30:00,33.359665,33.644066
2020-11-26 15:45:00,31.3224,31.466587
2020-11-26 16:00:00,28.945866,29.116209
2020-11-26 16:15:00,26.078667,26.29406
2020-11-26 16:30:00,22.8656,23.624233
2020-11-26 16:45:00,17.869665,20.156408
2020-11-26 17:00:00,11.068066,13.956118
2020-11-26 17:15:00,4.188133,6.8273354
2020-11-26 17:30:00,1.235,2.13367
2020-11-26 17:45:00,0.538,0.76787716
2020-11-26 18:00:00,0.029667,0.21948011
2020-11-26 18:15:00,0.0,0.02965139
2020-11-26 18:30:00,0.0,0.02965139
2020-11-26 18:45:00,0.0,0.02965139
2020-11-26 19:00:00,0.0,0.02965139
2020-11-26 19:15:00,0.0,0.02965139
2020-11-26 19:30:00,0.0,0.02965139
2020-11-26 19:45:00,0.0,0.02965139
2020-11-26 20:00:00,0.0,0.02965139
2020-11-26 20:15:00,0.0,0.02965139
2020-11-26 20:30:00,0.0,0.02965139
2020-11-26 20:45:00,0.0,0.02965139
2020-11-26 21:00:00,0.0,0.02965139
2020-11-26 21:15:00,0.0,0.02965139
2020-11-26 21:30:00,0.0,0.02965139
2020-11-26 21:45:00,0.0,0.02965139
2020-11-26 22:00:00,0.0,0.02965139
2020-11-26 22:15:00,0.0,0.02965139
2020-11-26 22:30:00,0.0,0.02965139
2020-11-26 22:45:00,0.0,0.02965139
2020-11-26 23:00:00,0.0,0.02965139
2020-11-26 23:15:00,0.0,0.02965139
2020-11-26 23:30:00,0.0,0.02965139
2020-11-26 23:45:00,0.0,0.02965139
2020-11-27 00:00:00,0.0,0.02965139
2020-11-27 00:15:00,0.0,0.02965139
2020-11-27 00:30:00,0.0,0.02965139
2020-11-27 00:45:00,0.0,0.02965139
2020-11-27 01:00:00,0.0,0.02965139
2020-11-27 01:15:00,0.0,0.02965139
2020-11-27 01:30:00,0.0,0.02965139
2020-11-27 01:45:00,0.0,0.02965139
2020-11-27 02:00:00,0.0,0.02965139
2020-11-27 02:15:00,0.0,0.02965139
2020-11-27 02:30:00,0.0,0.02965139
2020-11-27 02:45:00,0.0,0.02965139
2020-11-27 03:00:00,0.0,0.02965139
2020-11-27 03:15:00,0.0,0.02965139
2020-11-27 03:30:00,0.0,0.02965139
2020-11-27 03:45:00,0.0,0.02965139
2020-11-27 04:00:00,0.0,0.02965139
2020-11-27 04:15:00,0.0,0.02965139
2020-11-27 04:30:00,0.0,0.02965139
2020-11-27 04:45:00,0.0,0.02965139
2020-11-27 05:00:00,0.0,0.02965139
2020-11-27 05:15:00,0.0,0.02965139
2020-11-27 05:30:00,0.0,0.02965139
2020-11-27 05:45:00,0.0,0.02965139
2020-11-27 06:00:00,0.0,0.02965139
2020-11-27 06:15:00,0.0,0.02965139
2020-11-27 06:30:00,0.0,0.02965139
2020-11-27 06:45:00,0.0,0.02965139
2020-11-27 07:00:00,0.0,0.02965139
2020-11-27 07:15:00,0.0,0.02965139
2020-11-27 07:30:00,0.0,0.02965139
2020-11-27 07:45:00,0.0,0.029657664
2020-11-27 08:00:00,0.0,0.029657664
2020-11-27 08:15:00,0.0,0.03310441
2020-11-27 08:30:00,0.0,0.03310441
2020-11-27 08:45:00,0.0,0.054909762
2020-11-27 09:00:00,0.211867,0.2850804
2020-11-27 09:15:00,0.9536,0.8452703
2020-11-27 09:30:00,1.976,1.735194
2020-11-27 09:45:00,3.094867,2.9323103
2020-11-27 10:00:00,3.4508,3.46981
2020-11-27 10:15:00,6.3498,4.673991
2020-11-27 10:30:00,17.337,11.077692
2020-11-27 10:45:00,14.858799,16.102385
2020-11-27 11:00:00,27.132732,20.13239
2020-11-27 11:15:00,29.326332,28.188166
2020-11-27 11:30:00,31.637932,30.578518
2020-11-27 11:45:00,29.227133,33.18468
2020-11-27 12:00:00,21.466331,31.489038
2020-11-27 12:15:00,20.459398,23.987358
2020-11-27 12:30:00,27.030998,20.755379
2020-11-27 12:45:00,34.615997,29.660408
2020-11-27 13:00:00,34.580463,35.950245
2020-11-27 13:15:00,32.996464,36.10747
2020-11-27 13:30:00,32.512066,34.20637
2020-11-27 13:45:00,39.62633,31.4666
2020-11-27 14:00:00,39.534332,39.073494
2020-11-27 14:15:00,38.616333,38.67432
2020-11-27 14:30:00,37.5148,37.725113
2020-11-27 14:45:00,34.174267,36.7328
2020-11-27 15:00:00,30.6274,33.64357
2020-11-27 15:15:00,32.833866,31.028845
2020-11-27 15:30:00,30.713266,30.845163
2020-11-27 15:45:00,28.702465,28.420313
2020-11-27 16:00:00,26.244,26.182196
2020-11-27 16:15:00,23.302134,23.832537
2020-11-27 16:30:00,19.702066,20.485497
2020-11-27 16:45:00,15.638333,16.72039
2020-11-27 17:00:00,10.1644,11.916082
2020-11-27 17:15:00,5.347467,7.0678773
2020-11-27 17:30:00,2.766933,3.5907383
2020-11-27 17:45:00,1.053067,1.5317
2020-11-27 18:00:00,0.116333,0.2534563
2020-11-27 18:15:00,0.0,0.042908825
2020-11-27 18:30:00,0.0,0.02965139
2020-11-27 18:45:00,0.0,0.02965139
2020-11-27 19:00:00,0.0,0.02965139
2020-11-27 19:15:00,0.0,0.02965139
2020-11-27 19:30:00,0.0,0.02965139
2020-11-27 19:45:00,0.0,0.02965139
2020-11-27 20:00:00,0.0,0.02965139
2020-11-27 20:15:00,0.0,0.02965139
2020-11-27 20:30:00,0.0,0.02965139
2020-11-27 20:45:00,0.0,0.02965139
2020-11-27 21:00:00,0.0,0.02965139
2020-11-27 21:15:00,0.0,0.02965139
2020-11-27 21:30:00,0.0,0.02965139
2020-11-27 21:45:00,0.0,0.02965139
2020-11-27 22:00:00,0.0,0.02965139
2020-11-27 22:15:00,0.0,0.02965139
2020-11-27 22:30:00,0.0,0.02965139
2020-11-27 22:45:00,0.0,0.02965139
2020-11-27 23:00:00,0.0,0.02965139
2020-11-27 23:15:00,0.0,0.02965139
2020-11-27 23:30:00,0.0,0.02965139
2020-11-27 23:45:00,0.0,0.02965139
2020-11-28 00:00:00,0.0,0.02965139
2020-11-28 00:15:00,0.0,0.02965139
2020-11-28 00:30:00,0.0,0.02965139
2020-11-28 00:45:00,0.0,0.02965139
2020-11-28 01:00:00,0.0,0.02965139
2020-11-28 01:15:00,0.0,0.02965139
2020-11-28 01:30:00,0.0,0.02965139
2020-11-28 01:45:00,0.0,0.02965139
2020-11-28 02:00:00,0.0,0.02965139
2020-11-28 02:15:00,0.0,0.02965139
2020-11-28 02:30:00,0.0,0.02965139
2020-11-28 02:45:00,0.0,0.02965139
2020-11-28 03:00:00,0.0,0.02965139
2020-11-28 03:15:00,0.0,0.02965139
2020-11-28 03:30:00,0.0,0.02965139
2020-11-28 03:45:00,0.0,0.02965139
2020-11-28 04:00:00,0.0,0.02965139
2020-11-28 04:15:00,0.0,0.02965139
2020-11-28 04:30:00,0.0,0.02965139
2020-11-28 04:45:00,0.0,0.02965139
2020-11-28 05:00:00,0.0,0.02965139
2020-11-28 05:15:00,0.0,0.02965139
2020-11-28 05:30:00,0.0,0.02965139
2020-11-28 05:45:00,0.0,0.02965139
2020-11-28 06:00:00,0.0,0.02965139
2020-11-28 06:15:00,0.0,0.02965139
2020-11-28 06:30:00,0.0,0.02965139
2020-11-28 06:45:00,0.0,0.02965139
2020-11-28 07:00:00,0.0,0.02965139
2020-11-28 07:15:00,0.0,0.02965139
2020-11-28 07:30:00,0.0,0.02965139
2020-11-28 07:45:00,0.0,0.029657664
2020-11-28 08:00:00,0.0,0.029657664
2020-11-28 08:15:00,0.0,0.03310441
2020-11-28 08:30:00,0.0,0.03310441
2020-11-28 08:45:00,0.0,0.03310441
2020-11-28 09:00:00,0.432467,0.12139652
2020-11-28 09:15:00,1.873467,1.952944
2020-11-28 09:30:00,3.446267,4.4172006
2020-11-28 09:45:00,6.681467,6.2200484
2020-11-28 10:00:00,12.970866,11.346597
2020-11-28 10:15:00,18.188,17.17819
2020-11-28 10:30:00,18.434198,19.383892
2020-11-28 10:45:00,20.130798,19.500135
2020-11-28 11:00:00,19.418133,21.369076
2020-11-28 11:15:00,29.1824,22.456041
2020-11-28 11:30:00,30.152466,30.356916
2020-11-28 11:45:00,31.682598,31.84326
2020-11-28 12:00:00,32.50873,32.699394
2020-11-28 12:15:00,29.944466,32.80899
2020-11-28 12:30:00,31.7794,30.485325
2020-11-28 12:45:00,29.496864,32.13336
2020-11-28 13:00:00,32.360664,30.829811
2020-11-28 13:15:00,32.0466,30.948997
2020-11-28 13:30:00,30.545334,29.988342
2020-11-28 13:45:00,31.657799,31.926886
2020-11-28 14:00:00,24.8408,28.489975
2020-11-28 14:15:00,22.034134,25.985254
2020-11-28 14:30:00,24.9898,20.896563
2020-11-28 14:45:00,24.069199,24.070068
2020-11-28 15:00:00,20.235466,20.329288
2020-11-28 15:15:00,26.8212,20.60948
2020-11-28 15:30:00,20.502666,26.23561
2020-11-28 15:45:00,16.972666,19.79377
2020-11-28 16:00:00,16.3944,17.775616
2020-11-28 16:15:00,12.0378,14.128462
2020-11-28 16:30:00,15.642933,11.983637
2020-11-28 16:45:00,9.433799,13.551998
2020-11-28 17:00:00,5.961133,6.6892853
2020-11-28 17:15:00,3.8296,5.068237
2020-11-28 17:30:00,2.009467,3.2709057
2020-11-28 17:45:00,1.1138,1.2442691
2020-11-28 18:00:00,0.2508,0.3285446
2020-11-28 18:15:00,0.0,0.049508225
2020-11-28 18:30:00,0.0,0.02965139
2020-11-28 18:45:00,0.0,0.02965139
2020-11-28 19:00:00,0.0,0.02965139
2020-11-28 19:15:00,0.0,0.02965139
2020-11-28 19:30:00,0.0,0.02965139
2020-11-28 19:45:00,0.0,0.02965139
2020-11-28 20:00:00,0.0,0.02965139
2020-11-28 20:15:00,0.0,0.02965139
2020-11-28 20:30:00,0.0,0.02965139
2020-11-28 20:45:00,0.0,0.02965139
2020-11-28 21:00:00,0.0,0.02965139
2020-11-28 21:15:00,0.0,0.02965139
2020-11-28 21:30:00,0.0,0.02965139
2020-11-28 21:45:00,0.0,0.02965139
2020-11-28 22:00:00,0.0,0.02965139
2020-11-28 22:15:00,0.0,0.02965139
2020-11-28 22:30:00,0.0,0.02965139
2020-11-28 22:45:00,0.0,0.02965139
2020-11-28 23:00:00,0.0,0.02965139
2020-11-28 23:15:00,0.0,0.02965139
2020-11-28 23:30:00,0.0,0.02965139
2020-11-28 23:45:00,0.0,0.02965139
2020-11-29 00:00:00,0.0,0.02965139
2020-11-29 00:15:00,0.0,0.02965139
2020-11-29 00:30:00,0.0,0.02965139
2020-11-29 00:45:00,0.0,0.02965139
2020-11-29 01:00:00,0.0,0.02965139
2020-11-29 01:15:00,0.0,0.02965139
2020-11-29 01:30:00,0.0,0.02965139
2020-11-29 01:45:00,0.0,0.02965139
2020-11-29 02:00:00,0.0,0.02965139
2020-11-29 02:15:00,0.0,0.02965139
2020-11-29 02:30:00,0.0,0.02965139
2020-11-29 02:45:00,0.0,0.02965139
2020-11-29 03:00:00,0.0,0.02965139
2020-11-29 03:15:00,0.0,0.02965139
2020-11-29 03:30:00,0.0,0.02965139
2020-11-29 03:45:00,0.0,0.02965139
2020-11-29 04:00:00,0.0,0.02965139
2020-11-29 04:15:00,0.0,0.02965139
2020-11-29 04:30:00,0.0,0.02965139
2020-11-29 04:45:00,0.0,0.02965139
2020-11-29 05:00:00,0.0,0.02965139
2020-11-29 05:15:00,0.0,0.02965139
2020-11-29 05:30:00,0.0,0.02965139
2020-11-29 05:45:00,0.0,0.02965139
2020-11-29 06:00:00,0.0,0.02965139
2020-11-29 06:15:00,0.0,0.02965139
2020-11-29 06:30:00,0.0,0.02965139
2020-11-29 06:45:00,0.0,0.02965139
2020-11-29 07:00:00,0.0,0.02965139
2020-11-29 07:15:00,0.0,0.02965139
2020-11-29 07:30:00,0.0,0.02965139
2020-11-29 07:45:00,0.0,0.029657664
2020-11-29 08:00:00,0.0,0.029657664
2020-11-29 08:15:00,0.0,0.03310441
2020-11-29 08:30:00,0.0,0.03310441
2020-11-29 08:45:00,0.0,0.03310441
2020-11-29 09:00:00,0.212733,0.1351896
2020-11-29 09:15:00,0.861067,0.7291355
2020-11-29 09:30:00,1.6034,1.3295702
2020-11-29 09:45:00,2.341,2.051405
2020-11-29 10:00:00,2.795867,2.7033868
2020-11-29 10:15:00,2.9954,3.0774384
2020-11-29 10:30:00,3.199733,3.1628995
2020-11-29 10:45:00,3.448267,3.4143987
2020-11-29 11:00:00,7.1834,5.0218678
2020-11-29 11:15:00,23.305265,15.88587
2020-11-29 11:30:00,32.456398,26.296808
2020-11-29 11:45:00,34.128067,31.72796
2020-11-29 12:00:00,33.530464,34.166634
2020-11-29 12:15:00,18.0994,29.454498
2020-11-29 12:30:00,34.543198,24.862522
2020-11-29 12:45:00,38.099197,34.986187
2020-11-29 13:00:00,18.977333,37.840744
2020-11-29 13:15:00,14.6364,16.150312
2020-11-29 13:30:00,20.461733,18.763815
2020-11-29 13:45:00,12.096533,20.851046
2020-11-29 14:00:00,10.844533,9.900478
2020-11-29 14:15:00,17.3698,12.727283
2020-11-29 14:30:00,29.4856,21.599236
2020-11-29 14:45:00,24.489532,27.064726
2020-11-29 15:00:00,16.727734,21.857132
2020-11-29 15:15:00,9.757466,11.848494
2020-11-29 15:30:00,10.185733,10.223461
2020-11-29 15:45:00,11.6804,11.314574
2020-11-29 16:00:00,13.936333,15.660147
2020-11-29 16:15:00,8.745599,11.260518
2020-11-29 16:30:00,13.287399,8.373772
2020-11-29 16:45:00,11.963333,17.291945
2020-11-29 17:00:00,7.741333,10.424615
2020-11-29 17:15:00,4.956,6.4687176
2020-11-29 17:30:00,2.477733,3.932897
2020-11-29 17:45:00,0.882467,1.4690262
2020-11-29 18:00:00,0.069667,0.19545893
2020-11-29 18:15:00,0.0,0.030960845
2020-11-29 18:30:00,0.0,0.02965139
2020-11-29 18:45:00,0.0,0.02965139
2020-11-29 19:00:00,0.0,0.02965139
2020-11-29 19:15:00,0.0,0.02965139
2020-11-29 19:30:00,0.0,0.02965139
2020-11-29 19:45:00,0.0,0.02965139
2020-11-29 20:00:00,0.0,0.02965139
2020-11-29 20:15:00,0.0,0.02965139
2020-11-29 20:30:00,0.0,0.02965139
2020-11-29 20:45:00,0.0,0.02965139
2020-11-29 21:00:00,0.0,0.02965139
2020-11-29 21:15:00,0.0,0.02965139
2020-11-29 21:30:00,0.0,0.02965139
2020-11-29 21:45:00,0.0,0.02965139
2020-11-29 22:00:00,0.0,0.02965139
2020-11-29 22:15:00,0.0,0.02965139
2020-11-29 22:30:00,0.0,0.02965139
2020-11-29 22:45:00,0.0,0.02965139
2020-11-29 23:00:00,0.0,0.02965139
2020-11-29 23:15:00,0.0,0.02965139
2020-11-29 23:30:00,0.0,0.02965139
2020-11-29 23:45:00,0.0,0.02965139
2020-11-30 00:00:00,0.0,0.02965139
2020-11-30 00:15:00,0.0,0.02965139
2020-11-30 00:30:00,0.0,0.02965139
2020-11-30 00:45:00,0.0,0.02965139
2020-11-30 01:00:00,0.0,0.02965139
2020-11-30 01:15:00,0.0,0.02965139
2020-11-30 01:30:00,0.0,0.02965139
2020-11-30 01:45:00,0.0,0.02965139
2020-11-30 02:00:00,0.0,0.02965139
2020-11-30 02:15:00,0.0,0.02965139
2020-11-30 02:30:00,0.0,0.02965139
2020-11-30 02:45:00,0.0,0.02965139
2020-11-30 03:00:00,0.0,0.02965139
2020-11-30 03:15:00,0.0,0.02965139
2020-11-30 03:30:00,0.0,0.02965139
2020-11-30 03:45:00,0.0,0.02965139
2020-11-30 04:00:00,0.0,0.02965139
2020-11-30 04:15:00,0.0,0.02965139
2020-11-30 04:30:00,0.0,0.02965139
2020-11-30 04:45:00,0.0,0.02965139
2020-11-30 05:00:00,0.0,0.02965139
2020-11-30 05:15:00,0.0,0.02965139
2020-11-30 05:30:00,0.0,0.02965139
2020-11-30 05:45:00,0.0,0.02965139
2020-11-30 06:00:00,0.0,0.02965139
2020-11-30 06:15:00,0.0,0.02965139
2020-11-30 06:30:00,0.0,0.02965139
2020-11-30 06:45:00,0.0,0.02965139
2020-11-30 07:00:00,0.0,0.02965139
2020-11-30 07:15:00,0.0,0.02965139
2020-11-30 07:30:00,0.0,0.02965139
2020-11-30 07:45:00,0.0,0.029657664
2020-11-30 08:00:00,0.0,0.029657664
2020-11-30 08:15:00,0.0,0.03310441
2020-11-30 08:30:00,0.0,0.03310441
2020-11-30 08:45:00,0.050533,0.03310441
2020-11-30 09:00:00,0.546067,0.43244296
2020-11-30 09:15:00,0.951733,1.2009099
2020-11-30 09:30:00,2.0892,1.8036679
2020-11-30 09:45:00,3.419067,3.1201224
2020-11-30 10:00:00,3.863933,6.3022585
2020-11-30 10:15:00,5.916867,5.291452
2020-11-30 10:30:00,9.802533,7.8886623
2020-11-30 10:45:00,10.629866,11.95704
2020-11-30 11:00:00,13.978066,12.416243
2020-11-30 11:15:00,13.284866,12.5423
2020-11-30 11:30:00,14.093933,14.31084
2020-11-30 11:45:00,16.120798,15.259522
2020-11-30 12:00:00,15.743199,16.598785
2020-11-30 12:15:00,15.293133,18.537264
2020-11-30 12:30:00,14.483933,14.034985
2020-11-30 12:45:00,17.594732,17.069052
2020-11-30 13:00:00,15.878866,18.052439
2020-11-30 13:15:00,11.182933,13.549903
2020-11-30 13:30:00,13.051199,12.41094
2020-11-30 13:45:00,14.631333,14.118448
2020-11-30 14:00:00,19.368532,15.380123
2020-11-30 14:15:00,19.410133,20.946068
2020-11-30 14:30:00,19.008598,20.028101
2020-11-30 14:45:00,18.223398,17.230742
2020-11-30 15:00:00,17.0938,17.727242
2020-11-30 15:15:00,16.751066,16.794939
2020-11-30 15:30:00,15.977399,17.248383
2020-11-30 15:45:00,12.9778,14.34788
2020-11-30 16:00:00,11.646666,12.167093
2020-11-30 16:15:00,10.415,11.446276
2020-11-30 16:30:00,8.325066,9.687116
2020-11-30 16:45:00,6.5432,7.136536
2020-11-30 17:00:00,3.7812,5.016189
2020-11-30 17:15:00,2.4632,2.5470216
2020-11-30 17:30:00,1.544467,1.674703
2020-11-30 17:45:00,0.5542,0.811625
2020-11-30 18:00:00,0.009267,0.05906183
2020-11-30 18:15:00,0.0,0.02965139
2020-11-30 18:30:00,0.0,0.02965139
2020-11-30 18:45:00,0.0,0.02965139
2020-11-30 19:00:00,0.0,0.02965139
2020-11-30 19:15:00,0.0,0.02965139
2020-11-30 19:30:00,0.0,0.02965139
2020-11-30 19:45:00,0.0,0.02965139
2020-11-30 20:00:00,0.0,0.02965139
2020-11-30 20:15:00,0.0,0.02965139
2020-11-30 20:30:00,0.0,0.02965139
2020-11-30 20:45:00,0.0,0.02965139
2020-11-30 21:00:00,0.0,0.02965139
2020-11-30 21:15:00,0.0,0.02965139
2020-11-30 21:30:00,0.0,0.02965139
2020-11-30 21:45:00,0.0,0.02965139
2020-11-30 22:00:00,0.0,0.02965139
2020-11-30 22:15:00,0.0,0.02965139
2020-11-30 22:30:00,0.0,0.02965139
2020-11-30 22:45:00,0.0,0.02965139
2020-11-30 23:00:00,0.0,0.02965139
2020-11-30 23:15:00,0.0,0.02965139
2020-11-30 23:30:00,0.0,0.02965139
2020-11-30 23:45:00,0.0,0.02965139
2020-12-01 00:00:00,0.0,0.02965139
2020-12-01 00:15:00,0.0,0.02965139
2020-12-01 00:30:00,0.0,0.02965139
2020-12-01 00:45:00,0.0,0.02965139
2020-12-01 01:00:00,0.0,0.02965139
2020-12-01 01:15:00,0.0,0.02965139
2020-12-01 01:30:00,0.0,0.02965139
2020-12-01 01:45:00,0.0,0.02965139
2020-12-01 02:00:00,0.0,0.02965139
2020-12-01 02:15:00,0.0,0.02965139
2020-12-01 02:30:00,0.0,0.02965139
2020-12-01 02:45:00,0.0,0.02965139
2020-12-01 03:00:00,0.0,0.02965139
2020-12-01 03:15:00,0.0,0.02965139
2020-12-01 03:30:00,0.0,0.02965139
2020-12-01 03:45:00,0.0,0.02965139
2020-12-01 04:00:00,0.0,0.02965139
2020-12-01 04:15:00,0.0,0.02965139
2020-12-01 04:30:00,0.0,0.02965139
2020-12-01 04:45:00,0.0,0.02965139
2020-12-01 05:00:00,0.0,0.02965139
2020-12-01 05:15:00,0.0,0.02965139
2020-12-01 05:30:00,0.0,0.02965139
2020-12-01 05:45:00,0.0,0.02965139
2020-12-01 06:00:00,0.0,0.02965139
2020-12-01 06:15:00,0.0,0.02965139
2020-12-01 06:30:00,0.0,0.02965139
2020-12-01 06:45:00,0.0,0.02965139
2020-12-01 07:00:00,0.0,0.02965139
2020-12-01 07:15:00,0.0,0.02965139
2020-12-01 07:30:00,0.0,0.02965139
2020-12-01 07:45:00,0.0,0.029657664
2020-12-01 08:00:00,0.0,0.029657664
2020-12-01 08:15:00,0.0,0.03310441
2020-12-01 08:30:00,0.0,0.03310441
2020-12-01 08:45:00,0.0,0.035516344
2020-12-01 09:00:00,0.0694,0.18162042
2020-12-01 09:15:00,0.802933,0.44784313
2020-12-01 09:30:00,1.578333,1.4825749
2020-12-01 09:45:00,2.082467,2.3664575
2020-12-01 10:00:00,3.0334,2.9301212
2020-12-01 10:15:00,2.5184,3.295318
2020-12-01 10:30:00,2.439,2.5277927
2020-12-01 10:45:00,2.7782,2.8205762
2020-12-01 11:00:00,5.396067,3.9415963
2020-12-01 11:15:00,8.0756,6.138256
2020-12-01 11:30:00,7.479,7.642402
2020-12-01 11:45:00,10.0346,9.035394
2020-12-01 12:00:00,11.452333,9.066858
2020-12-01 12:15:00,16.873734,14.049215
2020-12-01 12:30:00,22.517065,19.367561
2020-12-01 12:45:00,27.316198,24.700174
2020-12-01 13:00:00,21.373266,27.212748
2020-12-01 13:15:00,28.139198,17.434303
2020-12-01 13:30:00,25.447132,23.221838
2020-12-01 13:45:00,25.573599,24.032032
2020-12-01 14:00:00,22.3932,24.144287
2020-12-01 14:15:00,28.446266,21.377968
2020-12-01 14:30:00,28.507132,30.080275
2020-12-01 14:45:00,32.528065,25.996738
2020-12-01 15:00:00,24.578266,22.812542
2020-12-01 15:15:00,26.450533,19.789356
2020-12-01 15:30:00,29.6824,26.531221
2020-12-01 15:45:00,30.475399,28.823608
2020-12-01 16:00:00,27.614466,28.31405
2020-12-01 16:15:00,24.526133,24.883085
2020-12-01 16:30:00,20.8464,21.527851
2020-12-01 16:45:00,16.067865,17.978828
2020-12-01 17:00:00,9.627933,12.893221
2020-12-01 17:15:00,5.278533,6.239656
2020-12-01 17:30:00,2.759467,3.7880392
2020-12-01 17:45:00,0.989267,1.7431924
2020-12-01 18:00:00,0.0816,0.30441445
2020-12-01 18:15:00,0.0,0.06452709
2020-12-01 18:30:00,0.0,0.02965139
2020-12-01 18:45:00,0.0,0.02965139
2020-12-01 19:00:00,0.0,0.02965139
2020-12-01 19:15:00,0.0,0.02965139
2020-12-01 19:30:00,0.0,0.02965139
2020-12-01 19:45:00,0.0,0.02965139
2020-12-01 20:00:00,0.0,0.02965139
2020-12-01 20:15:00,0.0,0.02965139
2020-12-01 20:30:00,0.0,0.02965139
2020-12-01 20:45:00,0.0,0.02965139
2020-12-01 21:00:00,0.0,0.02965139
2020-12-01 21:15:00,0.0,0.02965139
2020-12-01 21:30:00,0.0,0.02965139
2020-12-01 21:45:00,0.0,0.02965139
2020-12-01 22:00:00,0.0,0.02965139
2020-12-01 22:15:00,0.0,0.02965139
2020-12-01 22:30:00,0.0,0.02965139
2020-12-01 22:45:00,0.0,0.02965139
2020-12-01 23:00:00,0.0,0.02965139
2020-12-01 23:15:00,0.0,0.02965139
2020-12-01 23:30:00,0.0,0.02965139
2020-12-01 23:45:00,0.0,0.02965139
2020-12-02 00:00:00,0.0,0.02965139
2020-12-02 00:15:00,0.0,0.02965139
2020-12-02 00:30:00,0.0,0.02965139
2020-12-02 00:45:00,0.0,0.02965139
2020-12-02 01:00:00,0.0,0.02965139
2020-12-02 01:15:00,0.0,0.02965139
2020-12-02 01:30:00,0.0,0.02965139
2020-12-02 01:45:00,0.0,0.02965139
2020-12-02 02:00:00,0.0,0.02965139
2020-12-02 02:15:00,0.0,0.02965139
2020-12-02 02:30:00,0.0,0.02965139
2020-12-02 02:45:00,0.0,0.02965139
2020-12-02 03:00:00,0.0,0.02965139
2020-12-02 03:15:00,0.0,0.02965139
2020-12-02 03:30:00,0.0,0.02965139
2020-12-02 03:45:00,0.0,0.02965139
2020-12-02 04:00:00,0.0,0.02965139
2020-12-02 04:15:00,0.0,0.02965139
2020-12-02 04:30:00,0.0,0.02965139
2020-12-02 04:45:00,0.0,0.02965139
2020-12-02 05:00:00,0.0,0.02965139
2020-12-02 05:15:00,0.0,0.02965139
2020-12-02 05:30:00,0.0,0.02965139
2020-12-02 05:45:00,0.0,0.02965139
2020-12-02 06:00:00,0.0,0.02965139
2020-12-02 06:15:00,0.0,0.02965139
2020-12-02 06:30:00,0.0,0.02965139
2020-12-02 06:45:00,0.0,0.02965139
2020-12-02 07:00:00,0.0,0.02965139
2020-12-02 07:15:00,0.0,0.02965139
2020-12-02 07:30:00,0.0,0.02965139
2020-12-02 07:45:00,0.0,0.029657664
2020-12-02 08:00:00,0.0,0.029657664
2020-12-02 08:15:00,0.0,0.03310441
2020-12-02 08:30:00,0.0,0.03310441
2020-12-02 08:45:00,0.0,0.03310441
2020-12-02 09:00:00,0.3648,0.06832166
2020-12-02 09:15:00,2.1328,1.666562
2020-12-02 09:30:00,5.067467,4.791995
2020-12-02 09:45:00,7.759867,9.440242
2020-12-02 10:00:00,14.460733,13.857513
2020-12-02 10:15:00,21.5978,19.002626
2020-12-02 10:30:00,25.5052,24.612858
2020-12-02 10:45:00,28.422998,27.457111
2020-12-02 11:00:00,30.972733,29.837927
2020-12-02 11:15:00,33.378067,32.408825
2020-12-02 11:30:00,35.465466,34.70154
2020-12-02 11:45:00,37.289734,36.303337
2020-12-02 12:00:00,38.83853,37.73709
2020-12-02 12:15:00,39.96073,39.18578
2020-12-02 12:30:00,40.75033,39.79045
2020-12-02 12:45:00,41.260597,40.43973
2020-12-02 13:00:00,41.483467,41.068035
2020-12-02 13:15:00,41.662266,41.461487
2020-12-02 13:30:00,41.704266,41.34881
2020-12-02 13:45:00,41.4646,41.566525
2020-12-02 14:00:00,40.826466,40.976124
2020-12-02 14:15:00,40.101196,40.4674
2020-12-02 14:30:00,39.353462,39.36019
2020-12-02 14:45:00,38.213467,37.68836
2020-12-02 15:00:00,36.81473,36.687492
2020-12-02 15:15:00,35.418667,34.659405
2020-12-02 15:30:00,33.919865,33.06244
2020-12-02 15:45:00,31.756332,30.893337
2020-12-02 16:00:00,29.6164,29.363924
2020-12-02 16:15:00,27.061798,27.564924
2020-12-02 16:30:00,23.715134,24.967558
2020-12-02 16:45:00,18.569733,20.952091
2020-12-02 17:00:00,11.031667,15.553848
2020-12-02 17:15:00,6.2314,9.390168
2020-12-02 17:30:00,3.380733,4.481204
2020-12-02 17:45:00,0.715267,3.2127006
2020-12-02 18:00:00,0.0,0.18086727
2020-12-02 18:15:00,0.0,0.025721073
2020-12-02 18:30:00,0.0,0.010540287
2020-12-02 18:45:00,0.0,0.02965139
2020-12-02 19:00:00,0.0,0.02965139
2020-12-02 19:15:00,0.0,0.02965139
2020-12-02 19:30:00,0.0,0.02965139
2020-12-02 19:45:00,0.0,0.02965139
2020-12-02 20:00:00,0.0,0.02965139
2020-12-02 20:15:00,0.0,0.02965139
2020-12-02 20:30:00,0.0,0.02965139
2020-12-02 20:45:00,0.0,0.02965139
2020-12-02 21:00:00,0.0,0.02965139
2020-12-02 21:15:00,0.0,0.02965139
2020-12-02 21:30:00,0.0,0.02965139
2020-12-02 21:45:00,0.0,0.02965139
2020-12-02 22:00:00,0.0,0.02965139
2020-12-02 22:15:00,0.0,0.02965139
2020-12-02 22:30:00,0.0,0.02965139
2020-12-02 22:45:00,0.0,0.02965139
2020-12-02 23:00:00,0.0,0.02965139
2020-12-02 23:15:00,0.0,0.02965139
2020-12-02 23:30:00,0.0,0.02965139
2020-12-02 23:45:00,0.0,0.02965139
2020-12-03 00:00:00,0.0,0.02965139
2020-12-03 00:15:00,0.0,0.02965139
2020-12-03 00:30:00,0.0,0.02965139
2020-12-03 00:45:00,0.0,0.02965139
2020-12-03 01:00:00,0.0,0.02965139
2020-12-03 01:15:00,0.0,0.02965139
2020-12-03 01:30:00,0.0,0.02965139
2020-12-03 01:45:00,0.0,0.02965139
2020-12-03 02:00:00,0.0,0.02965139
2020-12-03 02:15:00,0.0,0.02965139
2020-12-03 02:30:00,0.0,0.02965139
2020-12-03 02:45:00,0.0,0.02965139
2020-12-03 03:00:00,0.0,0.02965139
2020-12-03 03:15:00,0.0,0.02965139
2020-12-03 03:30:00,0.0,0.02965139
2020-12-03 03:45:00,0.0,0.02965139
2020-12-03 04:00:00,0.0,0.02965139
2020-12-03 04:15:00,0.0,0.02965139
2020-12-03 04:30:00,0.0,0.02965139
2020-12-03 04:45:00,0.0,0.02965139
2020-12-03 05:00:00,0.0,0.02965139
2020-12-03 05:15:00,0.0,0.02965139
2020-12-03 05:30:00,0.0,0.02965139
2020-12-03 05:45:00,0.0,0.02965139
2020-12-03 06:00:00,0.0,0.02965139
2020-12-03 06:15:00,0.0,0.02965139
2020-12-03 06:30:00,0.0,0.02965139
2020-12-03 06:45:00,0.0,0.02965139
2020-12-03 07:00:00,0.0,0.02965139
2020-12-03 07:15:00,0.0,0.02965139
2020-12-03 07:30:00,0.0,0.02965139
2020-12-03 07:45:00,0.0,0.029657664
2020-12-03 08:00:00,0.0,0.029657664
2020-12-03 08:15:00,0.0,0.03310441
2020-12-03 08:30:00,0.0,0.03310441
2020-12-03 08:45:00,0.0,0.03310441
2020-12-03 09:00:00,0.376533,0.22568083
2020-12-03 09:15:00,1.6608,1.6342847
2020-12-03 09:30:00,4.386067,4.3499064
2020-12-03 09:45:00,7.075266,8.409443
2020-12-03 10:00:00,13.274266,13.561157
2020-12-03 10:15:00,20.576466,18.150846
2020-12-03 10:30:00,24.844065,23.682463
2020-12-03 10:45:00,27.828667,26.979996
2020-12-03 11:00:00,30.414,29.502752
2020-12-03 11:15:00,32.53673,31.182398
2020-12-03 11:30:00,34.378864,33.239635
2020-12-03 11:45:00,35.8616,34.981304
2020-12-03 12:00:00,37.31713,36.439915
2020-12-03 12:15:00,38.531597,37.412636
2020-12-03 12:30:00,39.297867,38.69365
2020-12-03 12:45:00,39.8956,39.118195
2020-12-03 13:00:00,40.42813,39.706192
2020-12-03 13:15:00,40.665333,40.33687
2020-12-03 13:30:00,40.7772,40.62662
2020-12-03 13:45:00,40.605663,40.596546
2020-12-03 14:00:00,40.38393,40.33554
2020-12-03 14:15:00,39.880466,39.633324
2020-12-03 14:30:00,39.078865,38.823513
2020-12-03 14:45:00,38.286198,37.72095
2020-12-03 15:00:00,37.054333,36.723946
2020-12-03 15:15:00,35.5714,35.15965
2020-12-03 15:30:00,33.914066,33.494743
2020-12-03 15:45:00,31.904999,31.70823
2020-12-03 16:00:00,29.578,29.333406
2020-12-03 16:15:00,26.711332,27.50467
2020-12-03 16:30:00,23.270199,23.876219
2020-12-03 16:45:00,17.950998,20.714493
2020-12-03 17:00:00,10.532333,15.36089
2020-12-03 17:15:00,5.9772,8.763751
2020-12-03 17:30:00,3.212933,4.1004186
2020-12-03 17:45:00,1.016067,3.2916098
2020-12-03 18:00:00,0.075933,0.7806252
2020-12-03 18:15:00,0.0,0.033655263
2020-12-03 18:30:00,0.0,0.02965139
2020-12-03 18:45:00,0.0,0.02965139
2020-12-03 19:00:00,0.0,0.02965139
2020-12-03 19:15:00,0.0,0.02965139
2020-12-03 19:30:00,0.0,0.02965139
2020-12-03 19:45:00,0.0,0.02965139
2020-12-03 20:00:00,0.0,0.02965139
2020-12-03 20:15:00,0.0,0.02965139
2020-12-03 20:30:00,0.0,0.02965139
2020-12-03 20:45:00,0.0,0.02965139
2020-12-03 21:00:00,0.0,0.02965139
2020-12-03 21:15:00,0.0,0.02965139
2020-12-03 21:30:00,0.0,0.02965139
2020-12-03 21:45:00,0.0,0.02965139
2020-12-03 22:00:00,0.0,0.02965139
2020-12-03 22:15:00,0.0,0.02965139
2020-12-03 22:30:00,0.0,0.02965139
2020-12-03 22:45:00,0.0,0.02965139
2020-12-03 23:00:00,0.0,0.02965139
2020-12-03 23:15:00,0.0,0.02965139
2020-12-03 23:30:00,0.0,0.02965139
2020-12-03 23:45:00,0.0,0.02965139
2020-12-04 00:00:00,0.0,0.02965139
2020-12-04 00:15:00,0.0,0.02965139
2020-12-04 00:30:00,0.0,0.02965139
2020-12-04 00:45:00,0.0,0.02965139
2020-12-04 01:00:00,0.0,0.02965139
2020-12-04 01:15:00,0.0,0.02965139
2020-12-04 01:30:00,0.0,0.02965139
2020-12-04 01:45:00,0.0,0.02965139
2020-12-04 02:00:00,0.0,0.02965139
2020-12-04 02:15:00,0.0,0.02965139
2020-12-04 02:30:00,0.0,0.02965139
2020-12-04 02:45:00,0.0,0.02965139
2020-12-04 03:00:00,0.0,0.02965139
2020-12-04 03:15:00,0.0,0.02965139
2020-12-04 03:30:00,0.0,0.02965139
2020-12-04 03:45:00,0.0,0.02965139
2020-12-04 04:00:00,0.0,0.02965139
2020-12-04 04:15:00,0.0,0.02965139
2020-12-04 04:30:00,0.0,0.02965139
2020-12-04 04:45:00,0.0,0.02965139
2020-12-04 05:00:00,0.0,0.02965139
2020-12-04 05:15:00,0.0,0.02965139
2020-12-04 05:30:00,0.0,0.02965139
2020-12-04 05:45:00,0.0,0.02965139
2020-12-04 06:00:00,0.0,0.02965139
2020-12-04 06:15:00,0.0,0.02965139
2020-12-04 06:30:00,0.0,0.02965139
2020-12-04 06:45:00,0.0,0.02965139
2020-12-04 07:00:00,0.0,0.02965139
2020-12-04 07:15:00,0.0,0.02965139
2020-12-04 07:30:00,0.0,0.02965139
2020-12-04 07:45:00,0.0,0.029657664
2020-12-04 08:00:00,0.0,0.029657664
2020-12-04 08:15:00,0.0,0.03310441
2020-12-04 08:30:00,0.0,0.03310441
2020-12-04 08:45:00,0.0,0.03310441
2020-12-04 09:00:00,0.3674,0.17612508
2020-12-04 09:15:00,1.108067,1.3414463
2020-12-04 09:30:00,3.022267,2.656766
2020-12-04 09:45:00,4.0228,5.488432
2020-12-04 10:00:00,9.882066,6.8619957
2020-12-04 10:15:00,17.408533,14.507262
2020-12-04 10:30:00,20.957998,19.719612
2020-12-04 10:45:00,20.359734,23.747248
2020-12-04 11:00:00,27.0264,22.220339
2020-12-04 11:15:00,29.684198,28.499529
2020-12-04 11:30:00,31.9798,30.518728
2020-12-04 11:45:00,33.83433,32.684414
2020-12-04 12:00:00,35.302734,34.201424
2020-12-04 12:15:00,36.5924,35.909058
2020-12-04 12:30:00,37.616867,36.995342
2020-12-04 12:45:00,38.160534,37.628178
2020-12-04 13:00:00,38.56253,37.93837
2020-12-04 13:15:00,38.811867,38.471813
2020-12-04 13:30:00,38.77973,38.923637
2020-12-04 13:45:00,38.789997,38.923637
2020-12-04 14:00:00,38.592464,38.66926
2020-12-04 14:15:00,37.991665,37.844597
2020-12-04 14:30:00,33.23513,37.225395
2020-12-04 14:45:00,29.736399,32.968742
2020-12-04 15:00:00,35.059666,28.785625
2020-12-04 15:15:00,33.537,33.731514
2020-12-04 15:30:00,31.770466,31.465393
2020-12-04 15:45:00,29.789865,29.229975
2020-12-04 16:00:00,27.494,27.294182
2020-12-04 16:15:00,24.720333,24.685638
2020-12-04 16:30:00,21.176199,21.853867
2020-12-04 16:45:00,16.146133,17.994513
2020-12-04 17:00:00,9.355,13.60802
2020-12-04 17:15:00,5.561467,7.960188
2020-12-04 17:30:00,3.148667,4.012919
2020-12-04 17:45:00,1.260267,2.8819685
2020-12-04 18:00:00,0.1566,0.7833141
2020-12-04 18:15:00,0.0,0.06362184
2020-12-04 18:30:00,0.0,0.02965139
2020-12-04 18:45:00,0.0,0.02965139
2020-12-04 19:00:00,0.0,0.02965139
2020-12-04 19:15:00,0.0,0.02965139
2020-12-04 19:30:00,0.0,0.02965139
2020-12-04 19:45:00,0.0,0.02965139
2020-12-04 20:00:00,0.0,0.02965139
2020-12-04 20:15:00,0.0,0.02965139
2020-12-04 20:30:00,0.0,0.02965139
2020-12-04 20:45:00,0.0,0.02965139
2020-12-04 21:00:00,0.0,0.02965139
2020-12-04 21:15:00,0.0,0.02965139
2020-12-04 21:30:00,0.0,0.02965139
2020-12-04 21:45:00,0.0,0.02965139
2020-12-04 22:00:00,0.0,0.02965139
2020-12-04 22:15:00,0.0,0.02965139
2020-12-04 22:30:00,0.0,0.02965139
2020-12-04 22:45:00,0.0,0.02965139
2020-12-04 23:00:00,0.0,0.02965139
2020-12-04 23:15:00,0.0,0.02965139
2020-12-04 23:30:00,0.0,0.02965139
2020-12-04 23:45:00,0.0,0.02965139
2020-12-05 00:00:00,0.0,0.02965139
2020-12-05 00:15:00,0.0,0.02965139
2020-12-05 00:30:00,0.0,0.02965139
2020-12-05 00:45:00,0.0,0.02965139
2020-12-05 01:00:00,0.0,0.02965139
2020-12-05 01:15:00,0.0,0.02965139
2020-12-05 01:30:00,0.0,0.02965139
2020-12-05 01:45:00,0.0,0.02965139
2020-12-05 02:00:00,0.0,0.02965139
2020-12-05 02:15:00,0.0,0.02965139
2020-12-05 02:30:00,0.0,0.02965139
2020-12-05 02:45:00,0.0,0.02965139
2020-12-05 03:00:00,0.0,0.02965139
2020-12-05 03:15:00,0.0,0.02965139
2020-12-05 03:30:00,0.0,0.02965139
2020-12-05 03:45:00,0.0,0.02965139
2020-12-05 04:00:00,0.0,0.02965139
2020-12-05 04:15:00,0.0,0.02965139
2020-12-05 04:30:00,0.0,0.02965139
2020-12-05 04:45:00,0.0,0.02965139
2020-12-05 05:00:00,0.0,0.02965139
2020-12-05 05:15:00,0.0,0.02965139
2020-12-05 05:30:00,0.0,0.02965139
2020-12-05 05:45:00,0.0,0.02965139
2020-12-05 06:00:00,0.0,0.02965139
2020-12-05 06:15:00,0.0,0.02965139
2020-12-05 06:30:00,0.0,0.02965139
2020-12-05 06:45:00,0.0,0.02965139
2020-12-05 07:00:00,0.0,0.02965139
2020-12-05 07:15:00,0.0,0.02965139
2020-12-05 07:30:00,0.0,0.02965139
2020-12-05 07:45:00,0.0,0.029657664
2020-12-05 08:00:00,0.0,0.029657664
2020-12-05 08:15:00,0.0,0.03310441
2020-12-05 08:30:00,0.0,0.03310441
2020-12-05 08:45:00,0.0,0.03310441
2020-12-05 09:00:00,0.238933,0.13924849
2020-12-05 09:15:00,1.241067,1.1363603
2020-12-05 09:30:00,3.584133,3.489027
2020-12-05 09:45:00,5.874133,6.6748357
2020-12-05 10:00:00,10.522066,10.984233
2020-12-05 10:15:00,17.880333,16.430832
2020-12-05 10:30:00,22.408731,21.53681
2020-12-05 10:45:00,25.578266,25.119871
2020-12-05 11:00:00,28.225065,27.176096
2020-12-05 11:15:00,30.585932,29.711084
2020-12-05 11:30:00,32.53413,30.955133
2020-12-05 11:45:00,34.224133,33.204098
2020-12-05 12:00:00,35.6102,34.86209
2020-12-05 12:15:00,36.6964,35.67348
2020-12-05 12:30:00,37.648865,36.939785
2020-12-05 12:45:00,38.388332,37.746685
2020-12-05 13:00:00,38.9232,38.179077
2020-12-05 13:15:00,39.4128,38.923992
2020-12-05 13:30:00,39.702667,39.595
2020-12-05 13:45:00,39.59133,39.696384
2020-12-05 14:00:00,39.066067,39.276894
2020-12-05 14:15:00,38.6184,38.42665
2020-12-05 14:30:00,37.94813,37.538147
2020-12-05 14:45:00,37.014797,36.553944
2020-12-05 15:00:00,35.591663,35.255104
2020-12-05 15:15:00,34.144135,33.79798
2020-12-05 15:30:00,32.225468,32.004017
2020-12-05 15:45:00,30.095667,29.881342
2020-12-05 16:00:00,27.584665,27.425407
2020-12-05 16:15:00,24.636868,24.760094
2020-12-05 16:30:00,21.0036,21.576754
2020-12-05 16:45:00,15.6858,17.647741
2020-12-05 17:00:00,9.019,12.890815
2020-12-05 17:15:00,5.1834,6.872681
2020-12-05 17:30:00,2.705933,3.4724214
2020-12-05 17:45:00,0.775467,1.4541991
2020-12-05 18:00:00,0.009133,0.02254495
2020-12-05 18:15:00,0.0,0.010448615
2020-12-05 18:30:00,0.0,0.02965139
2020-12-05 18:45:00,0.0,0.02965139
2020-12-05 19:00:00,0.0,0.02965139
2020-12-05 19:15:00,0.0,0.02965139
2020-12-05 19:30:00,0.0,0.02965139
2020-12-05 19:45:00,0.0,0.02965139
2020-12-05 20:00:00,0.0,0.02965139
2020-12-05 20:15:00,0.0,0.02965139
2020-12-05 20:30:00,0.0,0.02965139
2020-12-05 20:45:00,0.0,0.02965139
2020-12-05 21:00:00,0.0,0.02965139
2020-12-05 21:15:00,0.0,0.02965139
2020-12-05 21:30:00,0.0,0.02965139
2020-12-05 21:45:00,0.0,0.02965139
2020-12-05 22:00:00,0.0,0.02965139
2020-12-05 22:15:00,0.0,0.02965139
2020-12-05 22:30:00,0.0,0.02965139
2020-12-05 22:45:00,0.0,0.02965139
2020-12-05 23:00:00,0.0,0.02965139
2020-12-05 23:15:00,0.0,0.02965139
2020-12-05 23:30:00,0.0,0.02965139
2020-12-05 23:45:00,0.0,0.02965139
2020-12-06 00:00:00,0.0,0.02965139
2020-12-06 00:15:00,0.0,0.02965139
2020-12-06 00:30:00,0.0,0.02965139
2020-12-06 00:45:00,0.0,0.02965139
2020-12-06 01:00:00,0.0,0.02965139
2020-12-06 01:15:00,0.0,0.02965139
2020-12-06 01:30:00,0.0,0.02965139
2020-12-06 01:45:00,0.0,0.02965139
2020-12-06 02:00:00,0.0,0.02965139
2020-12-06 02:15:00,0.0,0.02965139
2020-12-06 02:30:00,0.0,0.02965139
2020-12-06 02:45:00,0.0,0.02965139
2020-12-06 03:00:00,0.0,0.02965139
2020-12-06 03:15:00,0.0,0.02965139
2020-12-06 03:30:00,0.0,0.02965139
2020-12-06 03:45:00,0.0,0.02965139
2020-12-06 04:00:00,0.0,0.02965139
2020-12-06 04:15:00,0.0,0.02965139
2020-12-06 04:30:00,0.0,0.02965139
2020-12-06 04:45:00,0.0,0.02965139
2020-12-06 05:00:00,0.0,0.02965139
2020-12-06 05:15:00,0.0,0.02965139
2020-12-06 05:30:00,0.0,0.02965139
2020-12-06 05:45:00,0.0,0.02965139
2020-12-06 06:00:00,0.0,0.02965139
2020-12-06 06:15:00,0.0,0.02965139
2020-12-06 06:30:00,0.0,0.02965139
2020-12-06 06:45:00,0.0,0.02965139
2020-12-06 07:00:00,0.0,0.02965139
2020-12-06 07:15:00,0.0,0.02965139
2020-12-06 07:30:00,0.0,0.02965139
2020-12-06 07:45:00,0.0,0.029657664
2020-12-06 08:00:00,0.0,0.029657664
2020-12-06 08:15:00,0.0,0.03310441
2020-12-06 08:30:00,0.0,0.03310441
2020-12-06 08:45:00,0.0,0.03310441
2020-12-06 09:00:00,0.189333,0.0883089
2020-12-06 09:15:00,1.115667,1.0643276
2020-12-06 09:30:00,3.379533,2.9093966
2020-12-06 09:45:00,5.7224,6.6015854
2020-12-06 10:00:00,10.136599,10.835113
2020-12-06 10:15:00,17.3298,16.62373
2020-12-06 10:30:00,21.961866,20.932104
2020-12-06 10:45:00,25.0206,24.633253
2020-12-06 11:00:00,27.789865,26.753857
2020-12-06 11:15:00,30.1186,29.243423
2020-12-06 11:30:00,32.1894,30.781752
2020-12-06 11:45:00,33.824398,33.293976
2020-12-06 12:00:00,35.444263,34.5569
2020-12-06 12:15:00,36.803066,35.904
2020-12-06 12:30:00,37.7486,36.987144
2020-12-06 12:45:00,38.405865,37.881363
2020-12-06 13:00:00,38.558266,38.022972
2020-12-06 13:15:00,38.534664,38.339184
2020-12-06 13:30:00,38.666134,38.50711
2020-12-06 13:45:00,39.52933,38.89922
2020-12-06 14:00:00,38.927933,39.441677
2020-12-06 14:15:00,38.264065,38.35451
2020-12-06 14:30:00,37.454,37.487514
2020-12-06 14:45:00,36.34513,36.930275
2020-12-06 15:00:00,35.035667,35.07875
2020-12-06 15:15:00,33.751133,33.421783
2020-12-06 15:30:00,32.534664,31.810665
2020-12-06 15:45:00,30.084066,30.033548
2020-12-06 16:00:00,27.6738,28.25135
2020-12-06 16:15:00,24.662066,24.91253
2020-12-06 16:30:00,21.065332,21.703941
2020-12-06 16:45:00,15.663466,17.553774
2020-12-06 17:00:00,9.0598,12.836456
2020-12-06 17:15:00,5.1074,6.051621
2020-12-06 17:30:00,2.708267,3.4860923
2020-12-06 17:45:00,0.796267,1.516927
2020-12-06 18:00:00,0.0124,0.0090455115
2020-12-06 18:15:00,0.0,0.029559718
2020-12-06 18:30:00,0.0,0.02965139
2020-12-06 18:45:00,0.0,0.02965139
2020-12-06 19:00:00,0.0,0.02965139
2020-12-06 19:15:00,0.0,0.02965139
2020-12-06 19:30:00,0.0,0.02965139
2020-12-06 19:45:00,0.0,0.02965139
2020-12-06 20:00:00,0.0,0.02965139
2020-12-06 20:15:00,0.0,0.02965139
2020-12-06 20:30:00,0.0,0.02965139
2020-12-06 20:45:00,0.0,0.02965139
2020-12-06 21:00:00,0.0,0.02965139
2020-12-06 21:15:00,0.0,0.02965139
2020-12-06 21:30:00,0.0,0.02965139
2020-12-06 21:45:00,0.0,0.02965139
2020-12-06 22:00:00,0.0,0.02965139
2020-12-06 22:15:00,0.0,0.02965139
2020-12-06 22:30:00,0.0,0.02965139
2020-12-06 22:45:00,0.0,0.02965139
2020-12-06 23:00:00,0.0,0.02965139
2020-12-06 23:15:00,0.0,0.02965139
2020-12-06 23:30:00,0.0,0.02965139
2020-12-06 23:45:00,0.0,0.02965139
2020-12-07 00:00:00,0.0,0.02965139
2020-12-07 00:15:00,0.0,0.02965139
2020-12-07 00:30:00,0.0,0.02965139
2020-12-07 00:45:00,0.0,0.02965139
2020-12-07 01:00:00,0.0,0.02965139
2020-12-07 01:15:00,0.0,0.02965139
2020-12-07 01:30:00,0.0,0.02965139
2020-12-07 01:45:00,0.0,0.02965139
2020-12-07 02:00:00,0.0,0.02965139
2020-12-07 02:15:00,0.0,0.02965139
2020-12-07 02:30:00,0.0,0.02965139
2020-12-07 02:45:00,0.0,0.02965139
2020-12-07 03:00:00,0.0,0.02965139
2020-12-07 03:15:00,0.0,0.02965139
2020-12-07 03:30:00,0.0,0.02965139
2020-12-07 03:45:00,0.0,0.02965139
2020-12-07 04:00:00,0.0,0.02965139
2020-12-07 04:15:00,0.0,0.02965139
2020-12-07 04:30:00,0.0,0.02965139
2020-12-07 04:45:00,0.0,0.02965139
2020-12-07 05:00:00,0.0,0.02965139
2020-12-07 05:15:00,0.0,0.02965139
2020-12-07 05:30:00,0.0,0.02965139
2020-12-07 05:45:00,0.0,0.02965139
2020-12-07 06:00:00,0.0,0.02965139
2020-12-07 06:15:00,0.0,0.02965139
2020-12-07 06:30:00,0.0,0.02965139
2020-12-07 06:45:00,0.0,0.02965139
2020-12-07 07:00:00,0.0,0.02965139
2020-12-07 07:15:00,0.0,0.02965139
2020-12-07 07:30:00,0.0,0.02965139
2020-12-07 07:45:00,0.0,0.029657664
2020-12-07 08:00:00,0.0,0.029657664
2020-12-07 08:15:00,0.0,0.03310441
2020-12-07 08:30:00,0.0,0.03310441
2020-12-07 08:45:00,0.0,0.03310441
2020-12-07 09:00:00,0.0642,0.07125358
2020-12-07 09:15:00,0.8164,0.95178896
2020-12-07 09:30:00,1.521267,2.5387921
2020-12-07 09:45:00,2.044933,2.6458917
2020-12-07 10:00:00,3.530933,3.0964513
2020-12-07 10:15:00,3.995533,4.459372
2020-12-07 10:30:00,8.878266,7.387072
2020-12-07 10:45:00,22.884066,17.544289
2020-12-07 11:00:00,29.165,25.967766
2020-12-07 11:15:00,31.342865,30.41128
2020-12-07 11:30:00,33.294666,32.458107
2020-12-07 11:45:00,34.921467,34.677128
2020-12-07 12:00:00,36.357597,35.620872
2020-12-07 12:15:00,37.810265,36.962082
2020-12-07 12:30:00,38.013733,38.199932
2020-12-07 12:45:00,39.155064,38.1937
2020-12-07 13:00:00,39.520397,39.1396
2020-12-07 13:15:00,37.7486,39.472122
2020-12-07 13:30:00,28.921467,37.629963
2020-12-07 13:45:00,39.070267,28.632627
2020-12-07 14:00:00,39.1922,38.556698
2020-12-07 14:15:00,38.566467,38.663815
2020-12-07 14:30:00,37.753532,37.404884
2020-12-07 14:45:00,36.47193,36.877804
2020-12-07 15:00:00,35.602264,35.295864
2020-12-07 15:15:00,34.41873,34.259697
2020-12-07 15:30:00,26.8974,31.579998
2020-12-07 15:45:00,28.065533,27.612041
2020-12-07 16:00:00,27.750933,27.126139
2020-12-07 16:15:00,17.288733,22.153662
2020-12-07 16:30:00,20.1864,13.769322
2020-12-07 16:45:00,19.087866,22.541365
2020-12-07 17:00:00,9.861266,15.216491
2020-12-07 17:15:00,5.647733,6.966673
2020-12-07 17:30:00,2.730867,4.266145
2020-12-07 17:45:00,0.2786,1.0819143
2020-12-07 18:00:00,0.0,0.036227163
2020-12-07 18:15:00,0.0,0.009044978
2020-12-07 18:30:00,0.0,0.02965139
2020-12-07 18:45:00,0.0,0.02965139
2020-12-07 19:00:00,0.0,0.02965139
2020-12-07 19:15:00,0.0,0.02965139
2020-12-07 19:30:00,0.0,0.02965139
2020-12-07 19:45:00,0.0,0.02965139
2020-12-07 20:00:00,0.0,0.02965139
2020-12-07 20:15:00,0.0,0.02965139
2020-12-07 20:30:00,0.0,0.02965139
2020-12-07 20:45:00,0.0,0.02965139
2020-12-07 21:00:00,0.0,0.02965139
2020-12-07 21:15:00,0.0,0.02965139
2020-12-07 21:30:00,0.0,0.02965139
2020-12-07 21:45:00,0.0,0.02965139
2020-12-07 22:00:00,0.0,0.02965139
2020-12-07 22:15:00,0.0,0.02965139
2020-12-07 22:30:00,0.0,0.02965139
2020-12-07 22:45:00,0.0,0.02965139
2020-12-07 23:00:00,0.0,0.02965139
2020-12-07 23:15:00,0.0,0.02965139
2020-12-07 23:30:00,0.0,0.02965139
2020-12-07 23:45:00,0.0,0.02965139
2020-12-08 00:00:00,0.0,0.02965139
2020-12-08 00:15:00,0.0,0.02965139
2020-12-08 00:30:00,0.0,0.02965139
2020-12-08 00:45:00,0.0,0.02965139
2020-12-08 01:00:00,0.0,0.02965139
2020-12-08 01:15:00,0.0,0.02965139
2020-12-08 01:30:00,0.0,0.02965139
2020-12-08 01:45:00,0.0,0.02965139
2020-12-08 02:00:00,0.0,0.02965139
2020-12-08 02:15:00,0.0,0.02965139
2020-12-08 02:30:00,0.0,0.02965139
2020-12-08 02:45:00,0.0,0.02965139
2020-12-08 03:00:00,0.0,0.02965139
2020-12-08 03:15:00,0.0,0.02965139
2020-12-08 03:30:00,0.0,0.02965139
2020-12-08 03:45:00,0.0,0.02965139
2020-12-08 04:00:00,0.0,0.02965139
2020-12-08 04:15:00,0.0,0.02965139
2020-12-08 04:30:00,0.0,0.02965139
2020-12-08 04:45:00,0.0,0.02965139
2020-12-08 05:00:00,0.0,0.02965139
2020-12-08 05:15:00,0.0,0.02965139
2020-12-08 05:30:00,0.0,0.02965139
2020-12-08 05:45:00,0.0,0.02965139
2020-12-08 06:00:00,0.0,0.02965139
2020-12-08 06:15:00,0.0,0.02965139
2020-12-08 06:30:00,0.0,0.02965139
2020-12-08 06:45:00,0.0,0.02965139
2020-12-08 07:00:00,0.0,0.02965139
2020-12-08 07:15:00,0.0,0.02965139
2020-12-08 07:30:00,0.0,0.02965139
2020-12-08 07:45:00,0.0,0.029657664
2020-12-08 08:00:00,0.0,0.029657664
2020-12-08 08:15:00,0.0,0.03310441
2020-12-08 08:30:00,0.0,0.03310441
2020-12-08 08:45:00,0.0,0.03310441
2020-12-08 09:00:00,0.0,0.035516344
2020-12-08 09:15:00,0.0428,0.28197303
2020-12-08 09:30:00,0.188733,0.4470951
2020-12-08 09:45:00,0.577533,0.8675206
2020-12-08 10:00:00,0.680467,1.2188069
2020-12-08 10:15:00,1.343467,1.9036595
2020-12-08 10:30:00,1.8478,2.6882174
2020-12-08 10:45:00,2.51,3.804079
2020-12-08 11:00:00,2.559933,4.5381794
2020-12-08 11:15:00,2.9544,4.980763
2020-12-08 11:30:00,3.492733,6.059
2020-12-08 11:45:00,3.478067,6.345539
2020-12-08 12:00:00,2.831333,6.561641
2020-12-08 12:15:00,2.859933,5.3026533
2020-12-08 12:30:00,2.620933,5.5447955
2020-12-08 12:45:00,3.618733,4.690999
2020-12-08 13:00:00,3.9308,6.201605
2020-12-08 13:15:00,5.0074,6.095409
2020-12-08 13:30:00,5.0378,9.297175
2020-12-08 13:45:00,3.8518,7.040626
2020-12-08 14:00:00,4.613333,6.0663614
2020-12-08 14:15:00,8.058867,7.451329
2020-12-08 14:30:00,11.1572,9.415254
2020-12-08 14:45:00,14.7306,14.432859
2020-12-08 15:00:00,15.286466,18.211933
2020-12-08 15:15:00,10.586933,13.055065
2020-12-08 15:30:00,14.663866,10.661113
2020-12-08 15:45:00,15.302133,16.575201
2020-12-08 16:00:00,13.889133,12.418378
2020-12-08 16:15:00,13.641933,17.404493
2020-12-08 16:30:00,9.621466,11.10363
2020-12-08 16:45:00,6.3334,7.5701756
2020-12-08 17:00:00,3.4146,4.88018
2020-12-08 17:15:00,2.4388,2.6516
2020-12-08 17:30:00,1.770867,1.5961143
2020-12-08 17:45:00,0.642133,0.7384313
2020-12-08 18:00:00,0.025467,0.06965495
2020-12-08 18:15:00,0.0,0.03084019
2020-12-08 18:30:00,0.0,0.02965139
2020-12-08 18:45:00,0.0,0.02965139
2020-12-08 19:00:00,0.0,0.02965139
2020-12-08 19:15:00,0.0,0.02965139
2020-12-08 19:30:00,0.0,0.02965139
2020-12-08 19:45:00,0.0,0.02965139
2020-12-08 20:00:00,0.0,0.02965139
2020-12-08 20:15:00,0.0,0.02965139
2020-12-08 20:30:00,0.0,0.02965139
2020-12-08 20:45:00,0.0,0.02965139
2020-12-08 21:00:00,0.0,0.02965139
2020-12-08 21:15:00,0.0,0.02965139
2020-12-08 21:30:00,0.0,0.02965139
2020-12-08 21:45:00,0.0,0.02965139
2020-12-08 22:00:00,0.0,0.02965139
2020-12-08 22:15:00,0.0,0.02965139
2020-12-08 22:30:00,0.0,0.02965139
2020-12-08 22:45:00,0.0,0.02965139
2020-12-08 23:00:00,0.0,0.02965139
2020-12-08 23:15:00,0.0,0.02965139
2020-12-08 23:30:00,0.0,0.02965139
2020-12-08 23:45:00,0.0,0.02965139
2020-12-09 00:00:00,0.0,0.02965139
2020-12-09 00:15:00,0.0,0.02965139
2020-12-09 00:30:00,0.0,0.02965139
2020-12-09 00:45:00,0.0,0.02965139
2020-12-09 01:00:00,0.0,0.02965139
2020-12-09 01:15:00,0.0,0.02965139
2020-12-09 01:30:00,0.0,0.02965139
2020-12-09 01:45:00,0.0,0.02965139
2020-12-09 02:00:00,0.0,0.02965139
2020-12-09 02:15:00,0.0,0.02965139
2020-12-09 02:30:00,0.0,0.02965139
2020-12-09 02:45:00,0.0,0.02965139
2020-12-09 03:00:00,0.0,0.02965139
2020-12-09 03:15:00,0.0,0.02965139
2020-12-09 03:30:00,0.0,0.02965139
2020-12-09 03:45:00,0.0,0.02965139
2020-12-09 04:00:00,0.0,0.02965139
2020-12-09 04:15:00,0.0,0.02965139
2020-12-09 04:30:00,0.0,0.02965139
2020-12-09 04:45:00,0.0,0.02965139
2020-12-09 05:00:00,0.0,0.02965139
2020-12-09 05:15:00,0.0,0.02965139
2020-12-09 05:30:00,0.0,0.02965139
2020-12-09 05:45:00,0.0,0.02965139
2020-12-09 06:00:00,0.0,0.02965139
2020-12-09 06:15:00,0.0,0.02965139
2020-12-09 06:30:00,0.0,0.02965139
2020-12-09 06:45:00,0.0,0.02965139
2020-12-09 07:00:00,0.0,0.02965139
2020-12-09 07:15:00,0.0,0.02965139
2020-12-09 07:30:00,0.0,0.02965139
2020-12-09 07:45:00,0.0,0.029657664
2020-12-09 08:00:00,0.0,0.029657664
2020-12-09 08:15:00,0.0,0.03310441
2020-12-09 08:30:00,0.0,0.03310441
2020-12-09 08:45:00,0.0,0.03310441
2020-12-09 09:00:00,0.0964,0.03310441
2020-12-09 09:15:00,0.813733,0.58856004
2020-12-09 09:30:00,2.1436,2.0634437
2020-12-09 09:45:00,4.001733,4.820444
2020-12-09 10:00:00,6.854867,7.2026763
2020-12-09 10:15:00,12.768733,11.514962
2020-12-09 10:30:00,18.544466,17.926167
2020-12-09 10:45:00,22.7086,23.159023
2020-12-09 11:00:00,26.516867,26.749964
2020-12-09 11:15:00,28.860332,29.636957
2020-12-09 11:30:00,31.168598,30.810421
2020-12-09 11:45:00,33.456066,33.372585
2020-12-09 12:00:00,35.084866,35.119843
2020-12-09 12:15:00,36.483932,35.778263
2020-12-09 12:30:00,37.620464,36.59799
2020-12-09 12:45:00,38.7714,37.914444
2020-12-09 13:00:00,39.264133,39.147087
2020-12-09 13:15:00,39.593864,38.51535
2020-12-09 13:30:00,39.7264,39.66577
2020-12-09 13:45:00,39.6854,39.656456
2020-12-09 14:00:00,39.335934,39.537907
2020-12-09 14:15:00,38.635063,38.54562
2020-12-09 14:30:00,37.7258,37.47925
2020-12-09 14:45:00,36.293533,37.080517
2020-12-09 15:00:00,34.958866,34.900158
2020-12-09 15:15:00,33.402134,33.42379
2020-12-09 15:30:00,31.657997,29.29523
2020-12-09 15:45:00,29.727798,28.93002
2020-12-09 16:00:00,27.164066,27.45382
2020-12-09 16:15:00,24.271267,25.058182
2020-12-09 16:30:00,20.195799,21.503607
2020-12-09 16:45:00,14.3842,16.559553
2020-12-09 17:00:00,8.080933,11.016713
2020-12-09 17:15:00,4.643867,5.3911858
2020-12-09 17:30:00,2.3808,3.238722
2020-12-09 17:45:00,0.749267,1.287723
2020-12-09 18:00:00,0.009667,0.05962752
2020-12-09 18:15:00,0.0,0.02291353
2020-12-09 18:30:00,0.0,0.02965139
2020-12-09 18:45:00,0.0,0.02965139
2020-12-09 19:00:00,0.0,0.02965139
2020-12-09 19:15:00,0.0,0.02965139
2020-12-09 19:30:00,0.0,0.02965139
2020-12-09 19:45:00,0.0,0.02965139
2020-12-09 20:00:00,0.0,0.02965139
2020-12-09 20:15:00,0.0,0.02965139
2020-12-09 20:30:00,0.0,0.02965139
2020-12-09 20:45:00,0.0,0.02965139
2020-12-09 21:00:00,0.0,0.02965139
2020-12-09 21:15:00,0.0,0.02965139
2020-12-09 21:30:00,0.0,0.02965139
2020-12-09 21:45:00,0.0,0.02965139
2020-12-09 22:00:00,0.0,0.02965139
2020-12-09 22:15:00,0.0,0.02965139
2020-12-09 22:30:00,0.0,0.02965139
2020-12-09 22:45:00,0.0,0.02965139
2020-12-09 23:00:00,0.0,0.02965139
2020-12-09 23:15:00,0.0,0.02965139
2020-12-09 23:30:00,0.0,0.02965139
2020-12-09 23:45:00,0.0,0.02965139
2020-12-10 00:00:00,0.0,0.02965139
2020-12-10 00:15:00,0.0,0.02965139
2020-12-10 00:30:00,0.0,0.02965139
2020-12-10 00:45:00,0.0,0.02965139
2020-12-10 01:00:00,0.0,0.02965139
2020-12-10 01:15:00,0.0,0.02965139
2020-12-10 01:30:00,0.0,0.02965139
2020-12-10 01:45:00,0.0,0.02965139
2020-12-10 02:00:00,0.0,0.02965139
2020-12-10 02:15:00,0.0,0.02965139
2020-12-10 02:30:00,0.0,0.02965139
2020-12-10 02:45:00,0.0,0.02965139
2020-12-10 03:00:00,0.0,0.02965139
2020-12-10 03:15:00,0.0,0.02965139
2020-12-10 03:30:00,0.0,0.02965139
2020-12-10 03:45:00,0.0,0.02965139
2020-12-10 04:00:00,0.0,0.02965139
2020-12-10 04:15:00,0.0,0.02965139
2020-12-10 04:30:00,0.0,0.02965139
2020-12-10 04:45:00,0.0,0.02965139
2020-12-10 05:00:00,0.0,0.02965139
2020-12-10 05:15:00,0.0,0.02965139
2020-12-10 05:30:00,0.0,0.02965139
2020-12-10 05:45:00,0.0,0.02965139
2020-12-10 06:00:00,0.0,0.02965139
2020-12-10 06:15:00,0.0,0.02965139
2020-12-10 06:30:00,0.0,0.02965139
2020-12-10 06:45:00,0.0,0.02965139
2020-12-10 07:00:00,0.0,0.02965139
2020-12-10 07:15:00,0.0,0.02965139
2020-12-10 07:30:00,0.0,0.02965139
2020-12-10 07:45:00,0.0,0.029657664
2020-12-10 08:00:00,0.0,0.029657664
2020-12-10 08:15:00,0.0,0.03310441
2020-12-10 08:30:00,0.0,0.03310441
2020-12-10 08:45:00,0.0,0.03310441
2020-12-10 09:00:00,0.038733,0.054909762
2020-12-10 09:15:00,0.458933,0.45939916
2020-12-10 09:30:00,1.955,1.1549519
2020-12-10 09:45:00,3.3426,4.7511325
2020-12-10 10:00:00,6.259,6.5252523
2020-12-10 10:15:00,11.974533,9.986373
2020-12-10 10:30:00,16.9234,17.340073
2020-12-10 10:45:00,20.7426,20.07122
2020-12-10 11:00:00,24.151733,23.660402
2020-12-10 11:15:00,26.516333,26.574543
2020-12-10 11:30:00,29.181131,28.811344
2020-12-10 11:45:00,31.9968,31.328865
2020-12-10 12:00:00,33.857533,33.771133
2020-12-10 12:15:00,34.981667,35.201725
2020-12-10 12:30:00,36.127666,35.878887
2020-12-10 12:45:00,37.1774,36.71283
2020-12-10 13:00:00,38.094997,37.480484
2020-12-10 13:15:00,38.2436,38.195236
2020-12-10 13:30:00,38.38473,38.018257
2020-12-10 13:45:00,38.215733,38.17365
2020-12-10 14:00:00,37.526066,37.4322
2020-12-10 14:15:00,36.733997,37.18558
2020-12-10 14:30:00,36.454132,36.377457
2020-12-10 14:45:00,35.642067,35.152992
2020-12-10 15:00:00,34.229065,34.595848
2020-12-10 15:15:00,32.6746,32.777187
2020-12-10 15:30:00,30.687332,28.928135
2020-12-10 15:45:00,28.587933,28.073238
2020-12-10 16:00:00,24.3814,26.088154
2020-12-10 16:15:00,21.826332,21.726486
2020-12-10 16:30:00,19.2248,19.65387
2020-12-10 16:45:00,13.636,15.769814
2020-12-10 17:00:00,7.4718,9.863277
2020-12-10 17:15:00,4.3732,4.3693314
2020-12-10 17:30:00,2.343,3.0466495
2020-12-10 17:45:00,0.846067,1.1863667
2020-12-10 18:00:00,0.028067,0.05991811
2020-12-10 18:15:00,0.0,0.03084019
2020-12-10 18:30:00,0.0,0.02965139
2020-12-10 18:45:00,0.0,0.02965139
2020-12-10 19:00:00,0.0,0.02965139
2020-12-10 19:15:00,0.0,0.02965139
2020-12-10 19:30:00,0.0,0.02965139
2020-12-10 19:45:00,0.0,0.02965139
2020-12-10 20:00:00,0.0,0.02965139
2020-12-10 20:15:00,0.0,0.02965139
2020-12-10 20:30:00,0.0,0.02965139
2020-12-10 20:45:00,0.0,0.02965139
2020-12-10 21:00:00,0.0,0.02965139
2020-12-10 21:15:00,0.0,0.02965139
2020-12-10 21:30:00,0.0,0.02965139
2020-12-10 21:45:00,0.0,0.02965139
2020-12-10 22:00:00,0.0,0.02965139
2020-12-10 22:15:00,0.0,0.02965139
2020-12-10 22:30:00,0.0,0.02965139
2020-12-10 22:45:00,0.0,0.02965139
2020-12-10 23:00:00,0.0,0.02965139
2020-12-10 23:15:00,0.0,0.02965139
2020-12-10 23:30:00,0.0,0.02965139
2020-12-10 23:45:00,0.0,0.02965139
2020-12-11 00:00:00,0.0,0.02965139
2020-12-11 00:15:00,0.0,0.02965139
2020-12-11 00:30:00,0.0,0.02965139
2020-12-11 00:45:00,0.0,0.02965139
2020-12-11 01:00:00,0.0,0.02965139
2020-12-11 01:15:00,0.0,0.02965139
2020-12-11 01:30:00,0.0,0.02965139
2020-12-11 01:45:00,0.0,0.02965139
2020-12-11 02:00:00,0.0,0.02965139
2020-12-11 02:15:00,0.0,0.02965139
2020-12-11 02:30:00,0.0,0.02965139
2020-12-11 02:45:00,0.0,0.02965139
2020-12-11 03:00:00,0.0,0.02965139
2020-12-11 03:15:00,0.0,0.02965139
2020-12-11 03:30:00,0.0,0.02965139
2020-12-11 03:45:00,0.0,0.02965139
2020-12-11 04:00:00,0.0,0.02965139
2020-12-11 04:15:00,0.0,0.02965139
2020-12-11 04:30:00,0.0,0.02965139
2020-12-11 04:45:00,0.0,0.02965139
2020-12-11 05:00:00,0.0,0.02965139
2020-12-11 05:15:00,0.0,0.02965139
2020-12-11 05:30:00,0.0,0.02965139
2020-12-11 05:45:00,0.0,0.02965139
2020-12-11 06:00:00,0.0,0.02965139
2020-12-11 06:15:00,0.0,0.02965139
2020-12-11 06:30:00,0.0,0.02965139
2020-12-11 06:45:00,0.0,0.02965139
2020-12-11 07:00:00,0.0,0.02965139
2020-12-11 07:15:00,0.0,0.02965139
2020-12-11 07:30:00,0.0,0.02965139
2020-12-11 07:45:00,0.0,0.029657664
2020-12-11 08:00:00,0.0,0.029657664
2020-12-11 08:15:00,0.0,0.03310441
2020-12-11 08:30:00,0.0,0.03310441
2020-12-11 08:45:00,0.0,0.03310441
2020-12-11 09:00:00,0.046333,0.035516344
2020-12-11 09:15:00,0.6438,0.3799012
2020-12-11 09:30:00,1.848667,2.0947917
2020-12-11 09:45:00,3.6376,4.232057
2020-12-11 10:00:00,5.8686,6.8344016
2020-12-11 10:15:00,10.863866,10.031139
2020-12-11 10:30:00,16.113731,15.65565
2020-12-11 10:45:00,20.000933,19.557552
2020-12-11 11:00:00,22.818266,22.455887
2020-12-11 11:15:00,25.8832,25.570847
2020-12-11 11:30:00,28.731066,27.77051
2020-12-11 11:45:00,30.718132,30.609869
2020-12-11 12:00:00,32.174,31.944696
2020-12-11 12:15:00,28.992065,33.735706
2020-12-11 12:30:00,27.932865,31.288565
2020-12-11 12:45:00,27.271133,29.365215
2020-12-11 13:00:00,25.311998,28.621107
2020-12-11 13:15:00,25.1164,25.872591
2020-12-11 13:30:00,26.246065,24.856075
2020-12-11 13:45:00,28.191465,26.291416
2020-12-11 14:00:00,27.493067,28.747822
2020-12-11 14:15:00,27.414665,27.886883
2020-12-11 14:30:00,29.103933,27.891031
2020-12-11 14:45:00,30.6784,29.927053
2020-12-11 15:00:00,30.7412,30.486477
2020-12-11 15:15:00,29.853666,29.498352
2020-12-11 15:30:00,27.710999,23.293728
2020-12-11 15:45:00,24.1568,24.976599
2020-12-11 16:00:00,22.394264,23.173275
2020-12-11 16:15:00,19.157665,20.947214
2020-12-11 16:30:00,15.944266,18.057152
2020-12-11 16:45:00,11.185466,12.848169
2020-12-11 17:00:00,6.6244,7.5267553
2020-12-11 17:15:00,3.9636,4.245949
2020-12-11 17:30:00,2.143667,3.2228203
2020-12-11 17:45:00,0.7466,1.0808592
2020-12-11 18:00:00,0.0256,0.07697912
2020-12-11 18:15:00,0.0,0.030960845
2020-12-11 18:30:00,0.0,0.02965139
2020-12-11 18:45:00,0.0,0.02965139
2020-12-11 19:00:00,0.0,0.02965139
2020-12-11 19:15:00,0.0,0.02965139
2020-12-11 19:30:00,0.0,0.02965139
2020-12-11 19:45:00,0.0,0.02965139
2020-12-11 20:00:00,0.0,0.02965139
2020-12-11 20:15:00,0.0,0.02965139
2020-12-11 20:30:00,0.0,0.02965139
2020-12-11 20:45:00,0.0,0.02965139
2020-12-11 21:00:00,0.0,0.02965139
2020-12-11 21:15:00,0.0,0.02965139
2020-12-11 21:30:00,0.0,0.02965139
2020-12-11 21:45:00,0.0,0.02965139
2020-12-11 22:00:00,0.0,0.02965139
2020-12-11 22:15:00,0.0,0.02965139
2020-12-11 22:30:00,0.0,0.02965139
2020-12-11 22:45:00,0.0,0.02965139
2020-12-11 23:00:00,0.0,0.02965139
2020-12-11 23:15:00,0.0,0.02965139
2020-12-11 23:30:00,0.0,0.02965139
2020-12-11 23:45:00,0.0,0.02965139
2020-12-12 00:00:00,0.0,0.02965139
2020-12-12 00:15:00,0.0,0.02965139
2020-12-12 00:30:00,0.0,0.02965139
2020-12-12 00:45:00,0.0,0.02965139
2020-12-12 01:00:00,0.0,0.02965139
2020-12-12 01:15:00,0.0,0.02965139
2020-12-12 01:30:00,0.0,0.02965139
2020-12-12 01:45:00,0.0,0.02965139
2020-12-12 02:00:00,0.0,0.02965139
2020-12-12 02:15:00,0.0,0.02965139
2020-12-12 02:30:00,0.0,0.02965139
2020-12-12 02:45:00,0.0,0.02965139
2020-12-12 03:00:00,0.0,0.02965139
2020-12-12 03:15:00,0.0,0.02965139
2020-12-12 03:30:00,0.0,0.02965139
2020-12-12 03:45:00,0.0,0.02965139
2020-12-12 04:00:00,0.0,0.02965139
2020-12-12 04:15:00,0.0,0.02965139
2020-12-12 04:30:00,0.0,0.02965139
2020-12-12 04:45:00,0.0,0.02965139
2020-12-12 05:00:00,0.0,0.02965139
2020-12-12 05:15:00,0.0,0.02965139
2020-12-12 05:30:00,0.0,0.02965139
2020-12-12 05:45:00,0.0,0.02965139
2020-12-12 06:00:00,0.0,0.02965139
2020-12-12 06:15:00,0.0,0.02965139
2020-12-12 06:30:00,0.0,0.02965139
2020-12-12 06:45:00,0.0,0.02965139
2020-12-12 07:00:00,0.0,0.02965139
2020-12-12 07:15:00,0.0,0.02965139
2020-12-12 07:30:00,0.0,0.02965139
2020-12-12 07:45:00,0.0,0.029657664
2020-12-12 08:00:00,0.0,0.029657664
2020-12-12 08:15:00,0.0,0.03310441
2020-12-12 08:30:00,0.0,0.03310441
2020-12-12 08:45:00,0.0,0.03310441
2020-12-12 09:00:00,0.051933,0.035516344
2020-12-12 09:15:00,0.721933,0.57612216
2020-12-12 09:30:00,2.290067,2.2934325
2020-12-12 09:45:00,4.858067,4.783381
2020-12-12 10:00:00,7.624333,8.91527
2020-12-12 10:15:00,14.4166,14.013744
2020-12-12 10:30:00,21.677866,19.268406
2020-12-12 10:45:00,24.982931,24.945227
2020-12-12 11:00:00,28.522799,27.168924
2020-12-12 11:15:00,31.848,30.498322
2020-12-12 11:30:00,29.845,33.139034
2020-12-12 11:45:00,24.834665,32.09871
2020-12-12 12:00:00,21.3176,26.383902
2020-12-12 12:15:00,17.739733,22.88691
2020-12-12 12:30:00,15.803133,17.697596
2020-12-12 12:45:00,15.507266,16.637217
2020-12-12 13:00:00,14.7082,15.611032
2020-12-12 13:15:00,14.720333,14.785299
2020-12-12 13:30:00,14.729799,15.154356
2020-12-12 13:45:00,14.818133,15.369692
2020-12-12 14:00:00,16.481667,15.284336
2020-12-12 14:15:00,20.954332,17.48956
2020-12-12 14:30:00,21.195465,22.840435
2020-12-12 14:45:00,21.206533,22.608772
2020-12-12 15:00:00,21.310266,22.576563
2020-12-12 15:15:00,18.029598,22.364302
2020-12-12 15:30:00,17.310266,18.313883
2020-12-12 15:45:00,17.570799,20.942167
2020-12-12 16:00:00,20.013533,19.266102
2020-12-12 16:15:00,22.4168,21.143742
2020-12-12 16:30:00,22.551731,23.2979
2020-12-12 16:45:00,17.203934,20.92974
2020-12-12 17:00:00,10.0266,15.208581
2020-12-12 17:15:00,6.192733,9.10875
2020-12-12 17:30:00,3.4148,4.786597
2020-12-12 17:45:00,1.030067,3.5744727
2020-12-12 18:00:00,0.053467,0.5087676
2020-12-12 18:15:00,0.0,0.0426127
2020-12-12 18:30:00,0.0,0.023005202
2020-12-12 18:45:00,0.0,0.02965139
2020-12-12 19:00:00,0.0,0.02965139
2020-12-12 19:15:00,0.0,0.02965139
2020-12-12 19:30:00,0.0,0.02965139
2020-12-12 19:45:00,0.0,0.02965139
2020-12-12 20:00:00,0.0,0.02965139
2020-12-12 20:15:00,0.0,0.02965139
2020-12-12 20:30:00,0.0,0.02965139
2020-12-12 20:45:00,0.0,0.02965139
2020-12-12 21:00:00,0.0,0.02965139
2020-12-12 21:15:00,0.0,0.02965139
2020-12-12 21:30:00,0.0,0.02965139
2020-12-12 21:45:00,0.0,0.02965139
2020-12-12 22:00:00,0.0,0.02965139
2020-12-12 22:15:00,0.0,0.02965139
2020-12-12 22:30:00,0.0,0.02965139
2020-12-12 22:45:00,0.0,0.02965139
2020-12-12 23:00:00,0.0,0.02965139
2020-12-12 23:15:00,0.0,0.02965139
2020-12-12 23:30:00,0.0,0.02965139
2020-12-12 23:45:00,0.0,0.02965139
2020-12-13 00:00:00,0.0,0.02965139
2020-12-13 00:15:00,0.0,0.02965139
2020-12-13 00:30:00,0.0,0.02965139
2020-12-13 00:45:00,0.0,0.02965139
2020-12-13 01:00:00,0.0,0.02965139
2020-12-13 01:15:00,0.0,0.02965139
2020-12-13 01:30:00,0.0,0.02965139
2020-12-13 01:45:00,0.0,0.02965139
2020-12-13 02:00:00,0.0,0.02965139
2020-12-13 02:15:00,0.0,0.02965139
2020-12-13 02:30:00,0.0,0.02965139
2020-12-13 02:45:00,0.0,0.02965139
2020-12-13 03:00:00,0.0,0.02965139
2020-12-13 03:15:00,0.0,0.02965139
2020-12-13 03:30:00,0.0,0.02965139
2020-12-13 03:45:00,0.0,0.02965139
2020-12-13 04:00:00,0.0,0.02965139
2020-12-13 04:15:00,0.0,0.02965139
2020-12-13 04:30:00,0.0,0.02965139
2020-12-13 04:45:00,0.0,0.02965139
2020-12-13 05:00:00,0.0,0.02965139
2020-12-13 05:15:00,0.0,0.02965139
2020-12-13 05:30:00,0.0,0.02965139
2020-12-13 05:45:00,0.0,0.02965139
2020-12-13 06:00:00,0.0,0.02965139
2020-12-13 06:15:00,0.0,0.02965139
2020-12-13 06:30:00,0.0,0.02965139
2020-12-13 06:45:00,0.0,0.02965139
2020-12-13 07:00:00,0.0,0.02965139
2020-12-13 07:15:00,0.0,0.02965139
2020-12-13 07:30:00,0.0,0.02965139
2020-12-13 07:45:00,0.0,0.029657664
2020-12-13 08:00:00,0.0,0.029657664
2020-12-13 08:15:00,0.0,0.03310441
2020-12-13 08:30:00,0.0,0.03310441
2020-12-13 08:45:00,0.0,0.03310441
2020-12-13 09:00:00,0.025667,0.035516344
2020-12-13 09:15:00,0.640267,0.802163
2020-12-13 09:30:00,3.126667,2.5640898
2020-12-13 09:45:00,6.1024,6.396969
2020-12-13 10:00:00,9.334466,11.056446
2020-12-13 10:15:00,16.354265,16.115778
2020-12-13 10:30:00,23.853533,20.939157
2020-12-13 10:45:00,19.540066,26.409437
2020-12-13 11:00:00,30.015598,22.34423
2020-12-13 11:15:00,32.8802,31.102228
2020-12-13 11:30:00,34.7856,33.657524
2020-12-13 11:45:00,36.386932,35.821964
2020-12-13 12:00:00,37.65633,36.7833
2020-12-13 12:15:00,38.81953,38.25112
2020-12-13 12:30:00,39.763733,39.030914
2020-12-13 12:45:00,40.638866,39.424133
2020-12-13 13:00:00,41.34793,39.968185
2020-12-13 13:15:00,41.957,41.047375
2020-12-13 13:30:00,40.444134,42.02311
2020-12-13 13:45:00,34.253597,38.619884
2020-12-13 14:00:00,34.37953,32.485687
2020-12-13 14:15:00,39.833134,34.391563
2020-12-13 14:30:00,40.128532,38.804844
2020-12-13 14:45:00,38.699734,39.446354
2020-12-13 15:00:00,37.25313,37.15816
2020-12-13 15:15:00,35.776733,35.290623
2020-12-13 15:30:00,33.65053,31.72556
2020-12-13 15:45:00,31.461332,31.616186
2020-12-13 16:00:00,28.920265,29.102566
2020-12-13 16:15:00,26.094933,26.1388
2020-12-13 16:30:00,22.074999,23.525526
2020-12-13 16:45:00,15.631133,19.074345
2020-12-13 17:00:00,8.922933,12.839334
2020-12-13 17:15:00,5.508067,6.7565613
2020-12-13 17:30:00,2.841667,3.8756373
2020-12-13 17:45:00,0.9262,2.546784
2020-12-13 18:00:00,0.069533,0.40345922
2020-12-13 18:15:00,0.0,0.039805155
2020-12-13 18:30:00,0.0,0.02965139
2020-12-13 18:45:00,0.0,0.02965139
2020-12-13 19:00:00,0.0,0.02965139
2020-12-13 19:15:00,0.0,0.02965139
2020-12-13 19:30:00,0.0,0.02965139
2020-12-13 19:45:00,0.0,0.02965139
2020-12-13 20:00:00,0.0,0.02965139
2020-12-13 20:15:00,0.0,0.02965139
2020-12-13 20:30:00,0.0,0.02965139
2020-12-13 20:45:00,0.0,0.02965139
2020-12-13 21:00:00,0.0,0.02965139
2020-12-13 21:15:00,0.0,0.02965139
2020-12-13 21:30:00,0.0,0.02965139
2020-12-13 21:45:00,0.0,0.02965139
2020-12-13 22:00:00,0.0,0.02965139
2020-12-13 22:15:00,0.0,0.02965139
2020-12-13 22:30:00,0.0,0.02965139
2020-12-13 22:45:00,0.0,0.02965139
2020-12-13 23:00:00,0.0,0.02965139
2020-12-13 23:15:00,0.0,0.02965139
2020-12-13 23:30:00,0.0,0.02965139
2020-12-13 23:45:00,0.0,0.02965139
2020-12-14 00:00:00,0.0,0.02965139
2020-12-14 00:15:00,0.0,0.02965139
2020-12-14 00:30:00,0.0,0.02965139
2020-12-14 00:45:00,0.0,0.02965139
2020-12-14 01:00:00,0.0,0.02965139
2020-12-14 01:15:00,0.0,0.02965139
2020-12-14 01:30:00,0.0,0.02965139
2020-12-14 01:45:00,0.0,0.02965139
2020-12-14 02:00:00,0.0,0.02965139
2020-12-14 02:15:00,0.0,0.02965139
2020-12-14 02:30:00,0.0,0.02965139
2020-12-14 02:45:00,0.0,0.02965139
2020-12-14 03:00:00,0.0,0.02965139
2020-12-14 03:15:00,0.0,0.02965139
2020-12-14 03:30:00,0.0,0.02965139
2020-12-14 03:45:00,0.0,0.02965139
2020-12-14 04:00:00,0.0,0.02965139
2020-12-14 04:15:00,0.0,0.02965139
2020-12-14 04:30:00,0.0,0.02965139
2020-12-14 04:45:00,0.0,0.02965139
2020-12-14 05:00:00,0.0,0.02965139
2020-12-14 05:15:00,0.0,0.02965139
2020-12-14 05:30:00,0.0,0.02965139
2020-12-14 05:45:00,0.0,0.02965139
2020-12-14 06:00:00,0.0,0.02965139
2020-12-14 06:15:00,0.0,0.02965139
2020-12-14 06:30:00,0.0,0.02965139
2020-12-14 06:45:00,0.0,0.02965139
2020-12-14 07:00:00,0.0,0.02965139
2020-12-14 07:15:00,0.0,0.02965139
2020-12-14 07:30:00,0.0,0.02965139
2020-12-14 07:45:00,0.0,0.029657664
2020-12-14 08:00:00,0.0,0.029657664
2020-12-14 08:15:00,0.0,0.03310441
2020-12-14 08:30:00,0.0,0.03310441
2020-12-14 08:45:00,0.0,0.03310441
2020-12-14 09:00:00,0.0406,0.03310441
2020-12-14 09:15:00,0.625867,0.612674
2020-12-14 09:30:00,2.422467,2.3759031
2020-12-14 09:45:00,5.0672,5.1605883
2020-12-14 10:00:00,7.806733,9.444316
2020-12-14 10:15:00,13.976133,14.336671
2020-12-14 10:30:00,21.213533,19.02642
2020-12-14 10:45:00,25.546999,24.46093
2020-12-14 11:00:00,28.569199,27.613209
2020-12-14 11:15:00,30.997465,30.286066
2020-12-14 11:30:00,32.948868,32.159023
2020-12-14 11:45:00,34.6212,34.141335
2020-12-14 12:00:00,36.038998,35.67617
2020-12-14 12:15:00,37.294865,36.757824
2020-12-14 12:30:00,38.42293,37.453495
2020-12-14 12:45:00,39.350266,37.90648
2020-12-14 13:00:00,40.066998,39.004295
2020-12-14 13:15:00,40.451397,39.35065
2020-12-14 13:30:00,40.717,39.909
2020-12-14 13:45:00,40.610733,40.59798
2020-12-14 14:00:00,40.319332,40.483444
2020-12-14 14:15:00,39.797398,39.86446
2020-12-14 14:30:00,39.0408,38.869293
2020-12-14 14:45:00,38.188534,38.057785
2020-12-14 15:00:00,36.848663,36.653625
2020-12-14 15:15:00,35.080463,35.34927
2020-12-14 15:30:00,33.225597,32.594597
2020-12-14 15:45:00,31.251333,31.169306
2020-12-14 16:00:00,28.962465,29.094242
2020-12-14 16:15:00,26.1426,26.17073
2020-12-14 16:30:00,22.263866,23.380367
2020-12-14 16:45:00,15.813333,19.440062
2020-12-14 17:00:00,9.152066,13.300818
2020-12-14 17:15:00,5.657267,6.9904532
2020-12-14 17:30:00,2.990933,3.9178479
2020-12-14 17:45:00,0.9606,3.0388157
2020-12-14 18:00:00,0.076333,0.40399435
2020-12-14 18:15:00,0.0,0.026151441
2020-12-14 18:30:00,0.0,0.02965139
2020-12-14 18:45:00,0.0,0.02965139
2020-12-14 19:00:00,0.0,0.02965139
2020-12-14 19:15:00,0.0,0.02965139
2020-12-14 19:30:00,0.0,0.02965139
2020-12-14 19:45:00,0.0,0.02965139
2020-12-14 20:00:00,0.0,0.02965139
2020-12-14 20:15:00,0.0,0.02965139
2020-12-14 20:30:00,0.0,0.02965139
2020-12-14 20:45:00,0.0,0.02965139
2020-12-14 21:00:00,0.0,0.02965139
2020-12-14 21:15:00,0.0,0.02965139
2020-12-14 21:30:00,0.0,0.02965139
2020-12-14 21:45:00,0.0,0.02965139
2020-12-14 22:00:00,0.0,0.02965139
2020-12-14 22:15:00,0.0,0.02965139
2020-12-14 22:30:00,0.0,0.02965139
2020-12-14 22:45:00,0.0,0.02965139
2020-12-14 23:00:00,0.0,0.02965139
2020-12-14 23:15:00,0.0,0.02965139
2020-12-14 23:30:00,0.0,0.02965139
2020-12-14 23:45:00,0.0,0.02965139
2020-12-15 00:00:00,0.0,0.02965139
2020-12-15 00:15:00,0.0,0.02965139
2020-12-15 00:30:00,0.0,0.02965139
2020-12-15 00:45:00,0.0,0.02965139
2020-12-15 01:00:00,0.0,0.02965139
2020-12-15 01:15:00,0.0,0.02965139
2020-12-15 01:30:00,0.0,0.02965139
2020-12-15 01:45:00,0.0,0.02965139
2020-12-15 02:00:00,0.0,0.02965139
2020-12-15 02:15:00,0.0,0.02965139
2020-12-15 02:30:00,0.0,0.02965139
2020-12-15 02:45:00,0.0,0.02965139
2020-12-15 03:00:00,0.0,0.02965139
2020-12-15 03:15:00,0.0,0.02965139
2020-12-15 03:30:00,0.0,0.02965139
2020-12-15 03:45:00,0.0,0.02965139
2020-12-15 04:00:00,0.0,0.02965139
2020-12-15 04:15:00,0.0,0.02965139
2020-12-15 04:30:00,0.0,0.02965139
2020-12-15 04:45:00,0.0,0.02965139
2020-12-15 05:00:00,0.0,0.02965139
2020-12-15 05:15:00,0.0,0.02965139
2020-12-15 05:30:00,0.0,0.02965139
2020-12-15 05:45:00,0.0,0.02965139
2020-12-15 06:00:00,0.0,0.02965139
2020-12-15 06:15:00,0.0,0.02965139
2020-12-15 06:30:00,0.0,0.02965139
2020-12-15 06:45:00,0.0,0.02965139
2020-12-15 07:00:00,0.0,0.02965139
2020-12-15 07:15:00,0.0,0.02965139
2020-12-15 07:30:00,0.0,0.02965139
2020-12-15 07:45:00,0.0,0.029657664
2020-12-15 08:00:00,0.0,0.029657664
2020-12-15 08:15:00,0.0,0.03310441
2020-12-15 08:30:00,0.0,0.03310441
2020-12-15 08:45:00,0.0,0.03310441
2020-12-15 09:00:00,0.020533,0.035516344
2020-12-15 09:15:00,0.559933,0.52598655
2020-12-15 09:30:00,2.3952,2.2738645
2020-12-15 09:45:00,5.231333,5.1141424
2020-12-15 10:00:00,8.031667,9.644596
2020-12-15 10:15:00,14.235933,14.341701
2020-12-15 10:30:00,21.731867,19.327309
2020-12-15 10:45:00,26.193932,25.095793
2020-12-15 11:00:00,29.254265,28.218258
2020-12-15 11:15:00,31.661133,30.30582
2020-12-15 11:30:00,33.7492,33.321148
2020-12-15 11:45:00,35.479866,35.056534
2020-12-15 12:00:00,36.9022,36.12493
2020-12-15 12:15:00,38.114,37.6305
2020-12-15 12:30:00,38.992996,38.392048
2020-12-15 12:45:00,39.725468,39.279247
2020-12-15 13:00:00,40.310734,39.690773
2020-12-15 13:15:00,40.513996,40.14975
2020-12-15 13:30:00,40.839664,40.402897
2020-12-15 13:45:00,40.868664,40.691982
2020-12-15 14:00:00,40.507465,40.556442
2020-12-15 14:15:00,39.950798,39.850548
2020-12-15 14:30:00,39.21733,38.93224
2020-12-15 14:45:00,38.285267,37.932297
2020-12-15 15:00:00,37.093933,36.672672
2020-12-15 15:15:00,35.67813,35.72118
2020-12-15 15:30:00,33.914333,34.154488
2020-12-15 15:45:00,31.860266,31.734047
2020-12-15 16:00:00,29.478132,29.450424
2020-12-15 16:15:00,26.6206,27.484615
2020-12-15 16:30:00,22.522865,23.862762
2020-12-15 16:45:00,16.094465,20.478676
2020-12-15 17:00:00,9.3358,13.280497
2020-12-15 17:15:00,5.766,7.2780128
2020-12-15 17:30:00,3.048733,3.9051764
2020-12-15 17:45:00,0.797,2.9709089
2020-12-15 18:00:00,0.0128,0.1454376
2020-12-15 18:15:00,0.0,0.009044978
2020-12-15 18:30:00,0.0,0.023005202
2020-12-15 18:45:00,0.0,0.02965139
2020-12-15 19:00:00,0.0,0.02965139
2020-12-15 19:15:00,0.0,0.02965139
2020-12-15 19:30:00,0.0,0.02965139
2020-12-15 19:45:00,0.0,0.02965139
2020-12-15 20:00:00,0.0,0.02965139
2020-12-15 20:15:00,0.0,0.02965139
2020-12-15 20:30:00,0.0,0.02965139
2020-12-15 20:45:00,0.0,0.02965139
2020-12-15 21:00:00,0.0,0.02965139
2020-12-15 21:15:00,0.0,0.02965139
2020-12-15 21:30:00,0.0,0.02965139
2020-12-15 21:45:00,0.0,0.02965139
2020-12-15 22:00:00,0.0,0.02965139
2020-12-15 22:15:00,0.0,0.02965139
2020-12-15 22:30:00,0.0,0.02965139
2020-12-15 22:45:00,0.0,0.02965139
2020-12-15 23:00:00,0.0,0.02965139
2020-12-15 23:15:00,0.0,0.02965139
2020-12-15 23:30:00,0.0,0.02965139
2020-12-15 23:45:00,0.0,0.02965139
2020-12-16 00:00:00,0.0,0.02965139
2020-12-16 00:15:00,0.0,0.02965139
2020-12-16 00:30:00,0.0,0.02965139
2020-12-16 00:45:00,0.0,0.02965139
2020-12-16 01:00:00,0.0,0.02965139
2020-12-16 01:15:00,0.0,0.02965139
2020-12-16 01:30:00,0.0,0.02965139
2020-12-16 01:45:00,0.0,0.02965139
2020-12-16 02:00:00,0.0,0.02965139
2020-12-16 02:15:00,0.0,0.02965139
2020-12-16 02:30:00,0.0,0.02965139
2020-12-16 02:45:00,0.0,0.02965139
2020-12-16 03:00:00,0.0,0.02965139
2020-12-16 03:15:00,0.0,0.02965139
2020-12-16 03:30:00,0.0,0.02965139
2020-12-16 03:45:00,0.0,0.02965139
2020-12-16 04:00:00,0.0,0.02965139
2020-12-16 04:15:00,0.0,0.02965139
2020-12-16 04:30:00,0.0,0.02965139
2020-12-16 04:45:00,0.0,0.02965139
2020-12-16 05:00:00,0.0,0.02965139
2020-12-16 05:15:00,0.0,0.02965139
2020-12-16 05:30:00,0.0,0.02965139
2020-12-16 05:45:00,0.0,0.02965139
2020-12-16 06:00:00,0.0,0.02965139
2020-12-16 06:15:00,0.0,0.02965139
2020-12-16 06:30:00,0.0,0.02965139
2020-12-16 06:45:00,0.0,0.02965139
2020-12-16 07:00:00,0.0,0.02965139
2020-12-16 07:15:00,0.0,0.02965139
2020-12-16 07:30:00,0.0,0.02965139
2020-12-16 07:45:00,0.0,0.029657664
2020-12-16 08:00:00,0.0,0.029657664
2020-12-16 08:15:00,0.0,0.03310441
2020-12-16 08:30:00,0.0,0.03310441
2020-12-16 08:45:00,0.0,0.03310441
2020-12-16 09:00:00,0.012333,0.03310441
2020-12-16 09:15:00,0.540867,0.45194346
2020-12-16 09:30:00,2.2276,1.9819136
2020-12-16 09:45:00,5.086533,5.01345
2020-12-16 10:00:00,7.7908,9.5724535
2020-12-16 10:15:00,13.668133,14.057911
2020-12-16 10:30:00,21.367332,19.004557
2020-12-16 10:45:00,24.580267,24.956394
2020-12-16 11:00:00,29.305265,26.961922
2020-12-16 11:15:00,31.911266,30.222757
2020-12-16 11:30:00,33.94,33.466137
2020-12-16 11:45:00,35.656265,35.323162
2020-12-16 12:00:00,37.284798,36.088173
2020-12-16 12:15:00,38.498863,37.466988
2020-12-16 12:30:00,39.565598,38.43
2020-12-16 12:45:00,40.248066,39.907204
2020-12-16 13:00:00,40.753334,39.978806
2020-12-16 13:15:00,40.973534,40.768364
2020-12-16 13:30:00,40.5366,40.776886
2020-12-16 13:45:00,37.28673,40.302113
2020-12-16 14:00:00,35.749798,36.8139
2020-12-16 14:15:00,34.258865,34.053505
2020-12-16 14:30:00,33.215134,34.652714
2020-12-16 14:45:00,33.194866,32.961952
2020-12-16 15:00:00,33.423664,33.256348
2020-12-16 15:15:00,32.9088,33.152695
2020-12-16 15:30:00,31.5912,31.269938
2020-12-16 15:45:00,30.140732,30.106613
2020-12-16 16:00:00,30.035,27.632526
2020-12-16 16:15:00,27.208332,27.504524
2020-12-16 16:30:00,23.2274,24.826685
2020-12-16 16:45:00,16.612534,20.740894
2020-12-16 17:00:00,9.6926,13.61267
2020-12-16 17:15:00,6.024533,7.878641
2020-12-16 17:30:00,3.2404,4.11598
2020-12-16 17:45:00,0.980667,3.341709
2020-12-16 18:00:00,0.0774,0.4389548
2020-12-16 18:15:00,0.0,0.059778485
2020-12-16 18:30:00,0.0,0.023005202
2020-12-16 18:45:00,0.0,0.02965139
2020-12-16 19:00:00,0.0,0.02965139
2020-12-16 19:15:00,0.0,0.02965139
2020-12-16 19:30:00,0.0,0.02965139
2020-12-16 19:45:00,0.0,0.02965139
2020-12-16 20:00:00,0.0,0.02965139
2020-12-16 20:15:00,0.0,0.02965139
2020-12-16 20:30:00,0.0,0.02965139
2020-12-16 20:45:00,0.0,0.02965139
2020-12-16 21:00:00,0.0,0.02965139
2020-12-16 21:15:00,0.0,0.02965139
2020-12-16 21:30:00,0.0,0.02965139
2020-12-16 21:45:00,0.0,0.02965139
2020-12-16 22:00:00,0.0,0.02965139
2020-12-16 22:15:00,0.0,0.02965139
2020-12-16 22:30:00,0.0,0.02965139
2020-12-16 22:45:00,0.0,0.02965139
2020-12-16 23:00:00,0.0,0.02965139
2020-12-16 23:15:00,0.0,0.02965139
2020-12-16 23:30:00,0.0,0.02965139
2020-12-16 23:45:00,0.0,0.02965139
2020-12-17 00:00:00,0.0,0.02965139
2020-12-17 00:15:00,0.0,0.02965139
2020-12-17 00:30:00,0.0,0.02965139
2020-12-17 00:45:00,0.0,0.02965139
2020-12-17 01:00:00,0.0,0.02965139
2020-12-17 01:15:00,0.0,0.02965139
2020-12-17 01:30:00,0.0,0.02965139
2020-12-17 01:45:00,0.0,0.02965139
2020-12-17 02:00:00,0.0,0.02965139
2020-12-17 02:15:00,0.0,0.02965139
2020-12-17 02:30:00,0.0,0.02965139
2020-12-17 02:45:00,0.0,0.02965139
2020-12-17 03:00:00,0.0,0.02965139
2020-12-17 03:15:00,0.0,0.02965139
2020-12-17 03:30:00,0.0,0.02965139
2020-12-17 03:45:00,0.0,0.02965139
2020-12-17 04:00:00,0.0,0.02965139
2020-12-17 04:15:00,0.0,0.02965139
2020-12-17 04:30:00,0.0,0.02965139
2020-12-17 04:45:00,0.0,0.02965139
2020-12-17 05:00:00,0.0,0.02965139
2020-12-17 05:15:00,0.0,0.02965139
2020-12-17 05:30:00,0.0,0.02965139
2020-12-17 05:45:00,0.0,0.02965139
2020-12-17 06:00:00,0.0,0.02965139
2020-12-17 06:15:00,0.0,0.02965139
2020-12-17 06:30:00,0.0,0.02965139
2020-12-17 06:45:00,0.0,0.02965139
2020-12-17 07:00:00,0.0,0.02965139
2020-12-17 07:15:00,0.0,0.02965139
2020-12-17 07:30:00,0.0,0.02965139
2020-12-17 07:45:00,0.0,0.029657664
2020-12-17 08:00:00,0.0,0.029657664
2020-12-17 08:15:00,0.0,0.03310441
2020-12-17 08:30:00,0.0,0.03310441
2020-12-17 08:45:00,0.0,0.03310441
2020-12-17 09:00:00,0.017733,0.03310441
2020-12-17 09:15:00,0.5304,0.3860371
2020-12-17 09:30:00,1.926933,2.1467152
2020-12-17 09:45:00,4.4782,4.7041683
2020-12-17 10:00:00,6.835,8.174311
2020-12-17 10:15:00,12.0454,12.113447
2020-12-17 10:30:00,19.417267,17.688643
2020-12-17 10:45:00,23.595133,23.163624
2020-12-17 11:00:00,27.107666,26.272028
2020-12-17 11:15:00,29.802732,29.622564
2020-12-17 11:30:00,31.783667,30.973612
2020-12-17 11:45:00,32.802265,31.824085
2020-12-17 12:00:00,34.1206,33.77433
2020-12-17 12:15:00,36.694332,35.606335
2020-12-17 12:30:00,37.831932,37.34823
2020-12-17 12:45:00,37.00593,38.187347
2020-12-17 13:00:00,38.938797,35.965237
2020-12-17 13:15:00,40.327663,38.788338
2020-12-17 13:30:00,39.60213,39.33318
2020-12-17 13:45:00,40.010265,39.664333
2020-12-17 14:00:00,39.2142,38.503563
2020-12-17 14:15:00,38.9206,38.869892
2020-12-17 14:30:00,38.443867,38.212566
2020-12-17 14:45:00,37.690735,36.714825
2020-12-17 15:00:00,36.669067,36.775417
2020-12-17 15:15:00,35.099068,35.068676
2020-12-17 15:30:00,31.6904,33.81512
2020-12-17 15:45:00,31.219799,30.219803
2020-12-17 16:00:00,27.594933,29.379116
2020-12-17 16:15:00,23.551332,25.39783
2020-12-17 16:30:00,20.237999,20.452106
2020-12-17 16:45:00,13.569733,15.776974
2020-12-17 17:00:00,7.412666,9.495457
2020-12-17 17:15:00,4.424867,4.6014233
2020-12-17 17:30:00,1.7778,3.051821
2020-12-17 17:45:00,0.5412,0.7251714
2020-12-17 18:00:00,0.0462,0.031916346
2020-12-17 18:15:00,0.0,0.030960845
2020-12-17 18:30:00,0.0,0.02965139
2020-12-17 18:45:00,0.0,0.02965139
2020-12-17 19:00:00,0.0,0.02965139
2020-12-17 19:15:00,0.0,0.02965139
2020-12-17 19:30:00,0.0,0.02965139
2020-12-17 19:45:00,0.0,0.02965139
2020-12-17 20:00:00,0.0,0.02965139
2020-12-17 20:15:00,0.0,0.02965139
2020-12-17 20:30:00,0.0,0.02965139
2020-12-17 20:45:00,0.0,0.02965139
2020-12-17 21:00:00,0.0,0.02965139
2020-12-17 21:15:00,0.0,0.02965139
2020-12-17 21:30:00,0.0,0.02965139
2020-12-17 21:45:00,0.0,0.02965139
2020-12-17 22:00:00,0.0,0.02965139
2020-12-17 22:15:00,0.0,0.02965139
2020-12-17 22:30:00,0.0,0.02965139
2020-12-17 22:45:00,0.0,0.02965139
2020-12-17 23:00:00,0.0,0.02965139
2020-12-17 23:15:00,0.0,0.02965139
2020-12-17 23:30:00,0.0,0.02965139
2020-12-17 23:45:00,0.0,0.02965139
2020-12-18 00:00:00,0.0,0.02965139
2020-12-18 00:15:00,0.0,0.02965139
2020-12-18 00:30:00,0.0,0.02965139
2020-12-18 00:45:00,0.0,0.02965139
2020-12-18 01:00:00,0.0,0.02965139
2020-12-18 01:15:00,0.0,0.02965139
2020-12-18 01:30:00,0.0,0.02965139
2020-12-18 01:45:00,0.0,0.02965139
2020-12-18 02:00:00,0.0,0.02965139
2020-12-18 02:15:00,0.0,0.02965139
2020-12-18 02:30:00,0.0,0.02965139
2020-12-18 02:45:00,0.0,0.02965139
2020-12-18 03:00:00,0.0,0.02965139
2020-12-18 03:15:00,0.0,0.02965139
2020-12-18 03:30:00,0.0,0.02965139
2020-12-18 03:45:00,0.0,0.02965139
2020-12-18 04:00:00,0.0,0.02965139
2020-12-18 04:15:00,0.0,0.02965139
2020-12-18 04:30:00,0.0,0.02965139
2020-12-18 04:45:00,0.0,0.02965139
2020-12-18 05:00:00,0.0,0.02965139
2020-12-18 05:15:00,0.0,0.02965139
2020-12-18 05:30:00,0.0,0.02965139
2020-12-18 05:45:00,0.0,0.02965139
2020-12-18 06:00:00,0.0,0.02965139
2020-12-18 06:15:00,0.0,0.02965139
2020-12-18 06:30:00,0.0,0.02965139
2020-12-18 06:45:00,0.0,0.02965139
2020-12-18 07:00:00,0.0,0.02965139
2020-12-18 07:15:00,0.0,0.02965139
2020-12-18 07:30:00,0.0,0.02965139
2020-12-18 07:45:00,0.0,0.029657664
2020-12-18 08:00:00,0.0,0.029657664
2020-12-18 08:15:00,0.0,0.03310441
2020-12-18 08:30:00,0.0,0.03310441
2020-12-18 08:45:00,0.0,0.03310441
2020-12-18 09:00:00,0.0,0.03310441
2020-12-18 09:15:00,0.0734,0.17754033
2020-12-18 09:30:00,0.807067,0.5562397
2020-12-18 09:45:00,2.326267,1.7370342
2020-12-18 10:00:00,3.8446,3.587131
2020-12-18 10:15:00,7.353066,5.927254
2020-12-18 10:30:00,8.901867,12.309418
2020-12-18 10:45:00,13.203399,11.292133
2020-12-18 11:00:00,18.4826,17.775694
2020-12-18 11:15:00,22.205133,22.194847
2020-12-18 11:30:00,22.779799,21.444458
2020-12-18 11:45:00,23.282732,23.98827
2020-12-18 12:00:00,23.0104,24.75939
2020-12-18 12:15:00,25.807264,23.048477
2020-12-18 12:30:00,27.534664,25.986074
2020-12-18 12:45:00,29.864265,28.341139
2020-12-18 13:00:00,22.0626,30.57485
2020-12-18 13:15:00,20.702333,20.909342
2020-12-18 13:30:00,24.545465,23.596289
2020-12-18 13:45:00,28.068733,24.107328
2020-12-18 14:00:00,37.413265,30.573015
2020-12-18 14:15:00,36.705067,35.693954
2020-12-18 14:30:00,33.408264,35.938545
2020-12-18 14:45:00,26.34,30.057228
2020-12-18 15:00:00,31.535,29.369982
2020-12-18 15:15:00,26.808666,29.784649
2020-12-18 15:30:00,21.139067,26.74751
2020-12-18 15:45:00,26.890932,20.742628
2020-12-18 16:00:00,25.747131,26.00366
2020-12-18 16:15:00,22.6178,23.523216
2020-12-18 16:30:00,18.728199,20.527931
2020-12-18 16:45:00,12.400266,15.223983
2020-12-18 17:00:00,7.824866,9.359651
2020-12-18 17:15:00,4.786,4.567164
2020-12-18 17:30:00,2.646867,3.7631066
2020-12-18 17:45:00,0.976533,1.3222624
2020-12-18 18:00:00,0.093667,0.20989494
2020-12-18 18:15:00,0.0,0.04341767
2020-12-18 18:30:00,0.0,0.02965139
2020-12-18 18:45:00,0.0,0.02965139
2020-12-18 19:00:00,0.0,0.02965139
2020-12-18 19:15:00,0.0,0.02965139
2020-12-18 19:30:00,0.0,0.02965139
2020-12-18 19:45:00,0.0,0.02965139
2020-12-18 20:00:00,0.0,0.02965139
2020-12-18 20:15:00,0.0,0.02965139
2020-12-18 20:30:00,0.0,0.02965139
2020-12-18 20:45:00,0.0,0.02965139
2020-12-18 21:00:00,0.0,0.02965139
2020-12-18 21:15:00,0.0,0.02965139
2020-12-18 21:30:00,0.0,0.02965139
2020-12-18 21:45:00,0.0,0.02965139
2020-12-18 22:00:00,0.0,0.02965139
2020-12-18 22:15:00,0.0,0.02965139
2020-12-18 22:30:00,0.0,0.02965139
2020-12-18 22:45:00,0.0,0.02965139
2020-12-18 23:00:00,0.0,0.02965139
2020-12-18 23:15:00,0.0,0.02965139
2020-12-18 23:30:00,0.0,0.02965139
2020-12-18 23:45:00,0.0,0.02965139
2020-12-19 00:00:00,0.0,0.02965139
2020-12-19 00:15:00,0.0,0.02965139
2020-12-19 00:30:00,0.0,0.02965139
2020-12-19 00:45:00,0.0,0.02965139
2020-12-19 01:00:00,0.0,0.02965139
2020-12-19 01:15:00,0.0,0.02965139
2020-12-19 01:30:00,0.0,0.02965139
2020-12-19 01:45:00,0.0,0.02965139
2020-12-19 02:00:00,0.0,0.02965139
2020-12-19 02:15:00,0.0,0.02965139
2020-12-19 02:30:00,0.0,0.02965139
2020-12-19 02:45:00,0.0,0.02965139
2020-12-19 03:00:00,0.0,0.02965139
2020-12-19 03:15:00,0.0,0.02965139
2020-12-19 03:30:00,0.0,0.02965139
2020-12-19 03:45:00,0.0,0.02965139
2020-12-19 04:00:00,0.0,0.02965139
2020-12-19 04:15:00,0.0,0.02965139
2020-12-19 04:30:00,0.0,0.02965139
2020-12-19 04:45:00,0.0,0.02965139
2020-12-19 05:00:00,0.0,0.02965139
2020-12-19 05:15:00,0.0,0.02965139
2020-12-19 05:30:00,0.0,0.02965139
2020-12-19 05:45:00,0.0,0.02965139
2020-12-19 06:00:00,0.0,0.02965139
2020-12-19 06:15:00,0.0,0.02965139
2020-12-19 06:30:00,0.0,0.02965139
2020-12-19 06:45:00,0.0,0.02965139
2020-12-19 07:00:00,0.0,0.02965139
2020-12-19 07:15:00,0.0,0.02965139
2020-12-19 07:30:00,0.0,0.02965139
2020-12-19 07:45:00,0.0,0.029657664
2020-12-19 08:00:00,0.0,0.029657664
2020-12-19 08:15:00,0.0,0.03310441
2020-12-19 08:30:00,0.0,0.03310441
2020-12-19 08:45:00,0.0,0.03310441
2020-12-19 09:00:00,0.0,0.03310441
2020-12-19 09:15:00,0.311133,0.07695821
2020-12-19 09:30:00,1.3196,1.3654767
2020-12-19 09:45:00,2.928467,3.192758
2020-12-19 10:00:00,4.863733,5.30797
2020-12-19 10:15:00,8.376867,8.480805
2020-12-19 10:30:00,14.178266,14.156212
2020-12-19 10:45:00,18.623466,18.18189
2020-12-19 11:00:00,22.026333,21.854647
2020-12-19 11:15:00,25.050734,24.842247
2020-12-19 11:30:00,27.292599,26.868715
2020-12-19 11:45:00,29.242931,28.563328
2020-12-19 12:00:00,31.183266,30.94351
2020-12-19 12:15:00,32.972797,32.302174
2020-12-19 12:30:00,34.331,33.972477
2020-12-19 12:45:00,35.25053,35.422043
2020-12-19 13:00:00,35.72113,36.069973
2020-12-19 13:15:00,36.1098,36.44387
2020-12-19 13:30:00,35.871998,35.475338
2020-12-19 13:45:00,35.5286,35.72302
2020-12-19 14:00:00,33.260532,33.604816
2020-12-19 14:15:00,34.935135,33.412064
2020-12-19 14:30:00,34.600266,34.430126
2020-12-19 14:45:00,33.307533,33.55854
2020-12-19 15:00:00,31.972265,32.62858
2020-12-19 15:15:00,30.4038,30.16993
2020-12-19 15:30:00,28.659266,28.35555
2020-12-19 15:45:00,26.390799,26.176237
2020-12-19 16:00:00,23.9854,24.292414
2020-12-19 16:15:00,20.837534,21.467299
2020-12-19 16:30:00,17.175533,18.692532
2020-12-19 16:45:00,12.245533,13.306834
2020-12-19 17:00:00,7.028466,8.293508
2020-12-19 17:15:00,4.228267,4.160483
2020-12-19 17:30:00,2.311733,3.1335728
2020-12-19 17:45:00,0.912267,1.1087538
2020-12-19 18:00:00,0.0682,0.12941016
2020-12-19 18:15:00,0.0,0.030960845
2020-12-19 18:30:00,0.0,0.02965139
2020-12-19 18:45:00,0.0,0.02965139
2020-12-19 19:00:00,0.0,0.02965139
2020-12-19 19:15:00,0.0,0.02965139
2020-12-19 19:30:00,0.0,0.02965139
2020-12-19 19:45:00,0.0,0.02965139
2020-12-19 20:00:00,0.0,0.02965139
2020-12-19 20:15:00,0.0,0.02965139
2020-12-19 20:30:00,0.0,0.02965139
2020-12-19 20:45:00,0.0,0.02965139
2020-12-19 21:00:00,0.0,0.02965139
2020-12-19 21:15:00,0.0,0.02965139
2020-12-19 21:30:00,0.0,0.02965139
2020-12-19 21:45:00,0.0,0.02965139
2020-12-19 22:00:00,0.0,0.02965139
2020-12-19 22:15:00,0.0,0.02965139
2020-12-19 22:30:00,0.0,0.02965139
2020-12-19 22:45:00,0.0,0.02965139
2020-12-19 23:00:00,0.0,0.02965139
2020-12-19 23:15:00,0.0,0.02965139
2020-12-19 23:30:00,0.0,0.02965139
2020-12-19 23:45:00,0.0,0.02965139
2020-12-20 00:00:00,0.0,0.02965139
2020-12-20 00:15:00,0.0,0.02965139
2020-12-20 00:30:00,0.0,0.02965139
2020-12-20 00:45:00,0.0,0.02965139
2020-12-20 01:00:00,0.0,0.02965139
2020-12-20 01:15:00,0.0,0.02965139
2020-12-20 01:30:00,0.0,0.02965139
2020-12-20 01:45:00,0.0,0.02965139
2020-12-20 02:00:00,0.0,0.02965139
2020-12-20 02:15:00,0.0,0.02965139
2020-12-20 02:30:00,0.0,0.02965139
2020-12-20 02:45:00,0.0,0.02965139
2020-12-20 03:00:00,0.0,0.02965139
2020-12-20 03:15:00,0.0,0.02965139
2020-12-20 03:30:00,0.0,0.02965139
2020-12-20 03:45:00,0.0,0.02965139
2020-12-20 04:00:00,0.0,0.02965139
2020-12-20 04:15:00,0.0,0.02965139
2020-12-20 04:30:00,0.0,0.02965139
2020-12-20 04:45:00,0.0,0.02965139
2020-12-20 05:00:00,0.0,0.02965139
2020-12-20 05:15:00,0.0,0.02965139
2020-12-20 05:30:00,0.0,0.02965139
2020-12-20 05:45:00,0.0,0.02965139
2020-12-20 06:00:00,0.0,0.02965139
2020-12-20 06:15:00,0.0,0.02965139
2020-12-20 06:30:00,0.0,0.02965139
2020-12-20 06:45:00,0.0,0.02965139
2020-12-20 07:00:00,0.0,0.02965139
2020-12-20 07:15:00,0.0,0.02965139
2020-12-20 07:30:00,0.0,0.02965139
2020-12-20 07:45:00,0.0,0.029657664
2020-12-20 08:00:00,0.0,0.029657664
2020-12-20 08:15:00,0.0,0.03310441
2020-12-20 08:30:00,0.0,0.03310441
2020-12-20 08:45:00,0.0,0.03310441
2020-12-20 09:00:00,0.001533,0.03310441
2020-12-20 09:15:00,0.3836,0.19288954
2020-12-20 09:30:00,1.516533,1.4718032
2020-12-20 09:45:00,3.744933,3.7960508
2020-12-20 10:00:00,5.857733,6.805378
2020-12-20 10:15:00,9.785466,10.95232
2020-12-20 10:30:00,16.630266,15.808493
2020-12-20 10:45:00,21.448599,20.610054
2020-12-20 11:00:00,25.000933,24.667635
2020-12-20 11:15:00,27.917,27.175945
2020-12-20 11:30:00,30.526,29.5425
2020-12-20 11:45:00,31.344732,31.62096
2020-12-20 12:00:00,25.311932,33.092236
2020-12-20 12:15:00,35.429733,27.320864
2020-12-20 12:30:00,36.95713,35.983936
2020-12-20 12:45:00,38.087463,37.431377
2020-12-20 13:00:00,38.802998,38.268658
2020-12-20 13:15:00,39.257465,39.22029
2020-12-20 13:30:00,39.588264,39.09672
2020-12-20 13:45:00,39.39453,39.632996
2020-12-20 14:00:00,39.0854,38.74135
2020-12-20 14:15:00,38.330868,38.4206
2020-12-20 14:30:00,37.610996,37.457146
2020-12-20 14:45:00,36.810997,37.06684
2020-12-20 15:00:00,30.2962,35.61857
2020-12-20 15:15:00,33.5272,30.55873
2020-12-20 15:30:00,31.810598,31.924717
2020-12-20 15:45:00,19.436066,29.434301
2020-12-20 16:00:00,20.639465,20.855507
2020-12-20 16:15:00,23.195,21.628586
2020-12-20 16:30:00,20.171932,21.119217
2020-12-20 16:45:00,14.632266,16.609707
2020-12-20 17:00:00,8.411333,11.60013
2020-12-20 17:15:00,5.0108,5.3377843
2020-12-20 17:30:00,2.774733,3.7033997
2020-12-20 17:45:00,0.996467,1.4962885
2020-12-20 18:00:00,0.092,0.20176734
2020-12-20 18:15:00,0.0,0.032610986
2020-12-20 18:30:00,0.0,0.02965139
2020-12-20 18:45:00,0.0,0.02965139
2020-12-20 19:00:00,0.0,0.02965139
2020-12-20 19:15:00,0.0,0.02965139
2020-12-20 19:30:00,0.0,0.02965139
2020-12-20 19:45:00,0.0,0.02965139
2020-12-20 20:00:00,0.0,0.02965139
2020-12-20 20:15:00,0.0,0.02965139
2020-12-20 20:30:00,0.0,0.02965139
2020-12-20 20:45:00,0.0,0.02965139
2020-12-20 21:00:00,0.0,0.02965139
2020-12-20 21:15:00,0.0,0.02965139
2020-12-20 21:30:00,0.0,0.02965139
2020-12-20 21:45:00,0.0,0.02965139
2020-12-20 22:00:00,0.0,0.02965139
2020-12-20 22:15:00,0.0,0.02965139
2020-12-20 22:30:00,0.0,0.02965139
2020-12-20 22:45:00,0.0,0.02965139
2020-12-20 23:00:00,0.0,0.02965139
2020-12-20 23:15:00,0.0,0.02965139
2020-12-20 23:30:00,0.0,0.02965139
2020-12-20 23:45:00,0.0,0.02965139
2020-12-21 00:00:00,0.0,0.02965139
2020-12-21 00:15:00,0.0,0.02965139
2020-12-21 00:30:00,0.0,0.02965139
2020-12-21 00:45:00,0.0,0.02965139
2020-12-21 01:00:00,0.0,0.02965139
2020-12-21 01:15:00,0.0,0.02965139
2020-12-21 01:30:00,0.0,0.02965139
2020-12-21 01:45:00,0.0,0.02965139
2020-12-21 02:00:00,0.0,0.02965139
2020-12-21 02:15:00,0.0,0.02965139
2020-12-21 02:30:00,0.0,0.02965139
2020-12-21 02:45:00,0.0,0.02965139
2020-12-21 03:00:00,0.0,0.02965139
2020-12-21 03:15:00,0.0,0.02965139
2020-12-21 03:30:00,0.0,0.02965139
2020-12-21 03:45:00,0.0,0.02965139
2020-12-21 04:00:00,0.0,0.02965139
2020-12-21 04:15:00,0.0,0.02965139
2020-12-21 04:30:00,0.0,0.02965139
2020-12-21 04:45:00,0.0,0.02965139
2020-12-21 05:00:00,0.0,0.02965139
2020-12-21 05:15:00,0.0,0.02965139
2020-12-21 05:30:00,0.0,0.02965139
2020-12-21 05:45:00,0.0,0.02965139
2020-12-21 06:00:00,0.0,0.02965139
2020-12-21 06:15:00,0.0,0.02965139
2020-12-21 06:30:00,0.0,0.02965139
2020-12-21 06:45:00,0.0,0.02965139
2020-12-21 07:00:00,0.0,0.02965139
2020-12-21 07:15:00,0.0,0.02965139
2020-12-21 07:30:00,0.0,0.02965139
2020-12-21 07:45:00,0.0,0.029657664
2020-12-21 08:00:00,0.0,0.029657664
2020-12-21 08:15:00,0.0,0.03310441
2020-12-21 08:30:00,0.0,0.03310441
2020-12-21 08:45:00,0.0,0.03310441
2020-12-21 09:00:00,0.001333,0.03310441
2020-12-21 09:15:00,0.379267,0.20721617
2020-12-21 09:30:00,1.438867,1.4251834
2020-12-21 09:45:00,3.3972,3.5038292
2020-12-21 10:00:00,5.4936,6.371248
2020-12-21 10:15:00,9.2352,10.21026
2020-12-21 10:30:00,15.799266,15.340008
2020-12-21 10:45:00,20.560799,19.787739
2020-12-21 11:00:00,23.506466,23.174503
2020-12-21 11:15:00,26.135065,26.033249
2020-12-21 11:30:00,28.660666,28.205448
2020-12-21 11:45:00,30.772999,30.768507
2020-12-21 12:00:00,32.475533,31.688005
2020-12-21 12:15:00,32.983734,33.807583
2020-12-21 12:30:00,34.4854,34.281883
2020-12-21 12:45:00,32.159,35.66416
2020-12-21 13:00:00,30.390734,34.32114
2020-12-21 13:15:00,35.867798,29.347452
2020-12-21 13:30:00,35.541332,37.37188
2020-12-21 13:45:00,37.271732,36.56436
2020-12-21 14:00:00,37.6364,37.10797
2020-12-21 14:15:00,37.7252,37.117622
2020-12-21 14:30:00,36.6798,36.670685
2020-12-21 14:45:00,35.6442,35.83416
2020-12-21 15:00:00,34.148933,34.215523
2020-12-21 15:15:00,30.5086,33.242615
2020-12-21 15:30:00,20.928598,29.095581
2020-12-21 15:45:00,18.896,21.493177
2020-12-21 16:00:00,12.586933,21.092163
2020-12-21 16:15:00,9.432733,14.402009
2020-12-21 16:30:00,10.463,10.4778185
2020-12-21 16:45:00,8.309,11.13902
2020-12-21 17:00:00,3.5476,6.307002
2020-12-21 17:15:00,2.341867,2.624728
2020-12-21 17:30:00,1.864067,2.5815258
2020-12-21 17:45:00,0.386733,0.6636944
2020-12-21 18:00:00,0.022467,0.098573096
2020-12-21 18:15:00,0.0,0.030960845
2020-12-21 18:30:00,0.0,0.02965139
2020-12-21 18:45:00,0.0,0.02965139
2020-12-21 19:00:00,0.0,0.02965139
2020-12-21 19:15:00,0.0,0.02965139
2020-12-21 19:30:00,0.0,0.02965139
2020-12-21 19:45:00,0.0,0.02965139
2020-12-21 20:00:00,0.0,0.02965139
2020-12-21 20:15:00,0.0,0.02965139
2020-12-21 20:30:00,0.0,0.02965139
2020-12-21 20:45:00,0.0,0.02965139
2020-12-21 21:00:00,0.0,0.02965139
2020-12-21 21:15:00,0.0,0.02965139
2020-12-21 21:30:00,0.0,0.02965139
2020-12-21 21:45:00,0.0,0.02965139
2020-12-21 22:00:00,0.0,0.02965139
2020-12-21 22:15:00,0.0,0.02965139
2020-12-21 22:30:00,0.0,0.02965139
2020-12-21 22:45:00,0.0,0.02965139
2020-12-21 23:00:00,0.0,0.02965139
2020-12-21 23:15:00,0.0,0.02965139
2020-12-21 23:30:00,0.0,0.02965139
2020-12-21 23:45:00,0.0,0.02965139
2020-12-22 00:00:00,0.0,0.02965139
2020-12-22 00:15:00,0.0,0.02965139
2020-12-22 00:30:00,0.0,0.02965139
2020-12-22 00:45:00,0.0,0.02965139
2020-12-22 01:00:00,0.0,0.02965139
2020-12-22 01:15:00,0.0,0.02965139
2020-12-22 01:30:00,0.0,0.02965139
2020-12-22 01:45:00,0.0,0.02965139
2020-12-22 02:00:00,0.0,0.02965139
2020-12-22 02:15:00,0.0,0.02965139
2020-12-22 02:30:00,0.0,0.02965139
2020-12-22 02:45:00,0.0,0.02965139
2020-12-22 03:00:00,0.0,0.02965139
2020-12-22 03:15:00,0.0,0.02965139
2020-12-22 03:30:00,0.0,0.02965139
2020-12-22 03:45:00,0.0,0.02965139
2020-12-22 04:00:00,0.0,0.02965139
2020-12-22 04:15:00,0.0,0.02965139
2020-12-22 04:30:00,0.0,0.02965139
2020-12-22 04:45:00,0.0,0.02965139
2020-12-22 05:00:00,0.0,0.02965139
2020-12-22 05:15:00,0.0,0.02965139
2020-12-22 05:30:00,0.0,0.02965139
2020-12-22 05:45:00,0.0,0.02965139
2020-12-22 06:00:00,0.0,0.02965139
2020-12-22 06:15:00,0.0,0.02965139
2020-12-22 06:30:00,0.0,0.02965139
2020-12-22 06:45:00,0.0,0.02965139
2020-12-22 07:00:00,0.0,0.02965139
2020-12-22 07:15:00,0.0,0.02965139
2020-12-22 07:30:00,0.0,0.02965139
2020-12-22 07:45:00,0.0,0.029657664
2020-12-22 08:00:00,0.0,0.029657664
2020-12-22 08:15:00,0.0,0.03310441
2020-12-22 08:30:00,0.0,0.03310441
2020-12-22 08:45:00,0.0,0.03310441
2020-12-22 09:00:00,0.0,0.03310441
2020-12-22 09:15:00,0.305933,0.225283
2020-12-22 09:30:00,1.365067,1.2268304
2020-12-22 09:45:00,3.726,3.6729424
2020-12-22 10:00:00,5.9442,6.811172
2020-12-22 10:15:00,10.100533,11.240736
2020-12-22 10:30:00,17.113733,16.568197
2020-12-22 10:45:00,21.843466,20.141054
2020-12-22 11:00:00,24.919266,24.705267
2020-12-22 11:15:00,27.788134,27.143509
2020-12-22 11:30:00,30.348133,29.90859
2020-12-22 11:45:00,32.22873,31.471369
2020-12-22 12:00:00,33.58573,33.67041
2020-12-22 12:15:00,32.469933,33.43072
2020-12-22 12:30:00,18.342,27.251299
2020-12-22 12:45:00,17.014866,15.372967
2020-12-22 13:00:00,18.5114,18.053864
2020-12-22 13:15:00,25.791199,25.674788
2020-12-22 13:30:00,24.118599,29.50898
2020-12-22 13:45:00,22.38,28.588284
2020-12-22 14:00:00,23.140665,24.585695
2020-12-22 14:15:00,25.462332,25.307867
2020-12-22 14:30:00,28.556932,25.89556
2020-12-22 14:45:00,34.27653,29.764524
2020-12-22 15:00:00,33.6824,32.84472
2020-12-22 15:15:00,32.6508,32.651443
2020-12-22 15:30:00,30.901999,30.28256
2020-12-22 15:45:00,28.840334,28.41692
2020-12-22 16:00:00,25.877998,26.039541
2020-12-22 16:15:00,19.948399,23.761988
2020-12-22 16:30:00,13.164399,16.76869
2020-12-22 16:45:00,6.7914,9.558667
2020-12-22 17:00:00,4.673733,3.674411
2020-12-22 17:15:00,3.840733,5.9644227
2020-12-22 17:30:00,1.171533,1.8649672
2020-12-22 17:45:00,0.112933,0.2888573
2020-12-22 18:00:00,0.001333,0.030204402
2020-12-22 18:15:00,0.0,0.02965139
2020-12-22 18:30:00,0.0,0.02965139
2020-12-22 18:45:00,0.0,0.02965139
2020-12-22 19:00:00,0.0,0.02965139
2020-12-22 19:15:00,0.0,0.02965139
2020-12-22 19:30:00,0.0,0.02965139
2020-12-22 19:45:00,0.0,0.02965139
2020-12-22 20:00:00,0.0,0.02965139
2020-12-22 20:15:00,0.0,0.02965139
2020-12-22 20:30:00,0.0,0.02965139
2020-12-22 20:45:00,0.0,0.02965139
2020-12-22 21:00:00,0.0,0.02965139
2020-12-22 21:15:00,0.0,0.02965139
2020-12-22 21:30:00,0.0,0.02965139
2020-12-22 21:45:00,0.0,0.02965139
2020-12-22 22:00:00,0.0,0.02965139
2020-12-22 22:15:00,0.0,0.02965139
2020-12-22 22:30:00,0.0,0.02965139
2020-12-22 22:45:00,0.0,0.02965139
2020-12-22 23:00:00,0.0,0.02965139
2020-12-22 23:15:00,0.0,0.02965139
2020-12-22 23:30:00,0.0,0.02965139
2020-12-22 23:45:00,0.0,0.02965139
2020-12-23 00:00:00,0.0,0.02965139
2020-12-23 00:15:00,0.0,0.02965139
2020-12-23 00:30:00,0.0,0.02965139
2020-12-23 00:45:00,0.0,0.02965139
2020-12-23 01:00:00,0.0,0.02965139
2020-12-23 01:15:00,0.0,0.02965139
2020-12-23 01:30:00,0.0,0.02965139
2020-12-23 01:45:00,0.0,0.02965139
2020-12-23 02:00:00,0.0,0.02965139
2020-12-23 02:15:00,0.0,0.02965139
2020-12-23 02:30:00,0.0,0.02965139
2020-12-23 02:45:00,0.0,0.02965139
2020-12-23 03:00:00,0.0,0.02965139
2020-12-23 03:15:00,0.0,0.02965139
2020-12-23 03:30:00,0.0,0.02965139
2020-12-23 03:45:00,0.0,0.02965139
2020-12-23 04:00:00,0.0,0.02965139
2020-12-23 04:15:00,0.0,0.02965139
2020-12-23 04:30:00,0.0,0.02965139
2020-12-23 04:45:00,0.0,0.02965139
2020-12-23 05:00:00,0.0,0.02965139
2020-12-23 05:15:00,0.0,0.02965139
2020-12-23 05:30:00,0.0,0.02965139
2020-12-23 05:45:00,0.0,0.02965139
2020-12-23 06:00:00,0.0,0.02965139
2020-12-23 06:15:00,0.0,0.02965139
2020-12-23 06:30:00,0.0,0.02965139
2020-12-23 06:45:00,0.0,0.02965139
2020-12-23 07:00:00,0.0,0.02965139
2020-12-23 07:15:00,0.0,0.02965139
2020-12-23 07:30:00,0.0,0.02965139
2020-12-23 07:45:00,0.0,0.029657664
2020-12-23 08:00:00,0.0,0.029657664
2020-12-23 08:15:00,0.0,0.03310441
2020-12-23 08:30:00,0.0,0.03310441
2020-12-23 08:45:00,0.0,0.03310441
2020-12-23 09:00:00,0.0,0.03310441
2020-12-23 09:15:00,0.280467,0.14753681
2020-12-23 09:30:00,1.372733,1.2268304
2020-12-23 09:45:00,3.8424,3.6666257
2020-12-23 10:00:00,6.276133,7.066432
2020-12-23 10:15:00,10.647399,11.474156
2020-12-23 10:30:00,17.985933,17.292185
2020-12-23 10:45:00,23.569466,22.002235
2020-12-23 11:00:00,27.318066,26.225672
2020-12-23 11:15:00,29.983,29.782791
2020-12-23 11:30:00,31.456133,31.36927
2020-12-23 11:45:00,33.644066,32.901432
2020-12-23 12:00:00,35.261463,34.044064
2020-12-23 12:15:00,36.558865,36.228027
2020-12-23 12:30:00,37.5412,37.125393
2020-12-23 12:45:00,38.417065,37.80046
2020-12-23 13:00:00,39.110664,38.34755
2020-12-23 13:15:00,39.439,39.08284
2020-12-23 13:30:00,39.65193,39.725224
2020-12-23 13:45:00,39.57553,39.711872
2020-12-23 14:00:00,39.27433,39.56841
2020-12-23 14:15:00,38.926132,38.686897
2020-12-23 14:30:00,38.356197,37.99432
2020-12-23 14:45:00,37.238667,37.096985
2020-12-23 15:00:00,36.080334,35.60092
2020-12-23 15:15:00,34.774532,34.22281
2020-12-23 15:30:00,33.431133,32.951775
2020-12-23 15:45:00,31.518866,31.194147
2020-12-23 16:00:00,29.252666,28.89467
2020-12-23 16:15:00,26.486866,26.80093
2020-12-23 16:30:00,22.933533,23.474854
2020-12-23 16:45:00,17.106867,20.348078
2020-12-23 17:00:00,10.067933,13.375833
2020-12-23 17:15:00,6.119067,8.173157
2020-12-23 17:30:00,3.454867,3.8827631
2020-12-23 17:45:00,1.188533,2.78723
2020-12-23 18:00:00,0.115467,0.5518892
2020-12-23 18:15:00,0.0,0.04596893
2020-12-23 18:30:00,0.0,0.02965139
2020-12-23 18:45:00,0.0,0.02965139
2020-12-23 19:00:00,0.0,0.02965139
2020-12-23 19:15:00,0.0,0.02965139
2020-12-23 19:30:00,0.0,0.02965139
2020-12-23 19:45:00,0.0,0.02965139
2020-12-23 20:00:00,0.0,0.02965139
2020-12-23 20:15:00,0.0,0.02965139
2020-12-23 20:30:00,0.0,0.02965139
2020-12-23 20:45:00,0.0,0.02965139
2020-12-23 21:00:00,0.0,0.02965139
2020-12-23 21:15:00,0.0,0.02965139
2020-12-23 21:30:00,0.0,0.02965139
2020-12-23 21:45:00,0.0,0.02965139
2020-12-23 22:00:00,0.0,0.02965139
2020-12-23 22:15:00,0.0,0.02965139
2020-12-23 22:30:00,0.0,0.02965139
2020-12-23 22:45:00,0.0,0.02965139
2020-12-23 23:00:00,0.0,0.02965139
2020-12-23 23:15:00,0.0,0.02965139
2020-12-23 23:30:00,0.0,0.02965139
2020-12-23 23:45:00,0.0,0.02965139
2020-12-24 00:00:00,0.0,0.02965139
2020-12-24 00:15:00,0.0,0.02965139
2020-12-24 00:30:00,0.0,0.02965139
2020-12-24 00:45:00,0.0,0.02965139
2020-12-24 01:00:00,0.0,0.02965139
2020-12-24 01:15:00,0.0,0.02965139
2020-12-24 01:30:00,0.0,0.02965139
2020-12-24 01:45:00,0.0,0.02965139
2020-12-24 02:00:00,0.0,0.02965139
2020-12-24 02:15:00,0.0,0.02965139
2020-12-24 02:30:00,0.0,0.02965139
2020-12-24 02:45:00,0.0,0.02965139
2020-12-24 03:00:00,0.0,0.02965139
2020-12-24 03:15:00,0.0,0.02965139
2020-12-24 03:30:00,0.0,0.02965139
2020-12-24 03:45:00,0.0,0.02965139
2020-12-24 04:00:00,0.0,0.02965139
2020-12-24 04:15:00,0.0,0.02965139
2020-12-24 04:30:00,0.0,0.02965139
2020-12-24 04:45:00,0.0,0.02965139
2020-12-24 05:00:00,0.0,0.02965139
2020-12-24 05:15:00,0.0,0.02965139
2020-12-24 05:30:00,0.0,0.02965139
2020-12-24 05:45:00,0.0,0.02965139
2020-12-24 06:00:00,0.0,0.02965139
2020-12-24 06:15:00,0.0,0.02965139
2020-12-24 06:30:00,0.0,0.02965139
2020-12-24 06:45:00,0.0,0.02965139
2020-12-24 07:00:00,0.0,0.02965139
2020-12-24 07:15:00,0.0,0.02965139
2020-12-24 07:30:00,0.0,0.02965139
2020-12-24 07:45:00,0.0,0.029657664
2020-12-24 08:00:00,0.0,0.029657664
2020-12-24 08:15:00,0.0,0.03310441
2020-12-24 08:30:00,0.0,0.03310441
2020-12-24 08:45:00,0.0,0.03310441
2020-12-24 09:00:00,0.0,0.03310441
2020-12-24 09:15:00,0.2254,0.21237196
2020-12-24 09:30:00,1.408,1.1187723
2020-12-24 09:45:00,4.2078,3.827363
2020-12-24 10:00:00,6.6014,7.6682067
2020-12-24 10:15:00,10.935266,11.42111
2020-12-24 10:30:00,18.406933,17.47202
2020-12-24 10:45:00,23.700867,22.42389
2020-12-24 11:00:00,27.185865,26.231659
2020-12-24 11:15:00,29.9494,29.477999
2020-12-24 11:30:00,32.190067,31.267962
2020-12-24 11:45:00,34.062798,33.710354
2020-12-24 12:00:00,35.65073,34.550823
2020-12-24 12:15:00,36.857,36.285736
2020-12-24 12:30:00,37.806,36.736286
2020-12-24 12:45:00,38.700466,38.056786
2020-12-24 13:00:00,39.430866,39.12955
2020-12-24 13:15:00,39.90013,39.330254
2020-12-24 13:30:00,40.238934,39.79638
2020-12-24 13:45:00,40.328068,40.330647
2020-12-24 14:00:00,40.301064,40.288876
2020-12-24 14:15:00,39.955067,39.84168
2020-12-24 14:30:00,39.226334,39.017166
2020-12-24 14:45:00,38.4068,37.711426
2020-12-24 15:00:00,37.233265,36.64559
2020-12-24 15:15:00,35.81953,35.600433
2020-12-24 15:30:00,34.202663,34.355316
2020-12-24 15:45:00,32.188133,31.677998
2020-12-24 16:00:00,29.798399,29.293955
2020-12-24 16:15:00,27.170933,27.621408
2020-12-24 16:30:00,23.672266,24.711649
2020-12-24 16:45:00,17.910198,20.992594
2020-12-24 17:00:00,10.689466,14.80694
2020-12-24 17:15:00,6.499133,8.965193
2020-12-24 17:30:00,3.828733,4.197665
2020-12-24 17:45:00,1.343067,3.3175247
2020-12-24 18:00:00,0.1664,1.0284299
2020-12-24 18:15:00,0.0,0.012079819
2020-12-24 18:30:00,0.0,0.023005202
2020-12-24 18:45:00,0.0,0.02965139
2020-12-24 19:00:00,0.0,0.02965139
2020-12-24 19:15:00,0.0,0.02965139
2020-12-24 19:30:00,0.0,0.02965139
2020-12-24 19:45:00,0.0,0.02965139
2020-12-24 20:00:00,0.0,0.02965139
2020-12-24 20:15:00,0.0,0.02965139
2020-12-24 20:30:00,0.0,0.02965139
2020-12-24 20:45:00,0.0,0.02965139
2020-12-24 21:00:00,0.0,0.02965139
2020-12-24 21:15:00,0.0,0.02965139
2020-12-24 21:30:00,0.0,0.02965139
2020-12-24 21:45:00,0.0,0.02965139
2020-12-24 22:00:00,0.0,0.02965139
2020-12-24 22:15:00,0.0,0.02965139
2020-12-24 22:30:00,0.0,0.02965139
2020-12-24 22:45:00,0.0,0.02965139
2020-12-24 23:00:00,0.0,0.02965139
2020-12-24 23:15:00,0.0,0.02965139
2020-12-24 23:30:00,0.0,0.02965139
2020-12-24 23:45:00,0.0,0.02965139
2020-12-25 00:00:00,0.0,0.02965139
2020-12-25 00:15:00,0.0,0.02965139
2020-12-25 00:30:00,0.0,0.02965139
2020-12-25 00:45:00,0.0,0.02965139
2020-12-25 01:00:00,0.0,0.02965139
2020-12-25 01:15:00,0.0,0.02965139
2020-12-25 01:30:00,0.0,0.02965139
2020-12-25 01:45:00,0.0,0.02965139
2020-12-25 02:00:00,0.0,0.02965139
2020-12-25 02:15:00,0.0,0.02965139
2020-12-25 02:30:00,0.0,0.02965139
2020-12-25 02:45:00,0.0,0.02965139
2020-12-25 03:00:00,0.0,0.02965139
2020-12-25 03:15:00,0.0,0.02965139
2020-12-25 03:30:00,0.0,0.02965139
2020-12-25 03:45:00,0.0,0.02965139
2020-12-25 04:00:00,0.0,0.02965139
2020-12-25 04:15:00,0.0,0.02965139
2020-12-25 04:30:00,0.0,0.02965139
2020-12-25 04:45:00,0.0,0.02965139
2020-12-25 05:00:00,0.0,0.02965139
2020-12-25 05:15:00,0.0,0.02965139
2020-12-25 05:30:00,0.0,0.02965139
2020-12-25 05:45:00,0.0,0.02965139
2020-12-25 06:00:00,0.0,0.02965139
2020-12-25 06:15:00,0.0,0.02965139
2020-12-25 06:30:00,0.0,0.02965139
2020-12-25 06:45:00,0.0,0.02965139
2020-12-25 07:00:00,0.0,0.02965139
2020-12-25 07:15:00,0.0,0.02965139
2020-12-25 07:30:00,0.0,0.02965139
2020-12-25 07:45:00,0.0,0.029657664
2020-12-25 08:00:00,0.0,0.029657664
2020-12-25 08:15:00,0.0,0.03310441
2020-12-25 08:30:00,0.0,0.03310441
2020-12-25 08:45:00,0.0,0.03310441
2020-12-25 09:00:00,0.0,0.03310441
2020-12-25 09:15:00,0.104867,0.07719046
2020-12-25 09:30:00,1.0166,0.6488452
2020-12-25 09:45:00,2.651067,3.000177
2020-12-25 10:00:00,4.387867,5.037668
2020-12-25 10:15:00,7.5282,7.6477365
2020-12-25 10:30:00,13.744066,13.347985
2020-12-25 10:45:00,18.506065,17.965784
2020-12-25 11:00:00,20.630466,21.0675
2020-12-25 11:15:00,23.1738,22.926989
2020-12-25 11:30:00,25.078066,25.366009
2020-12-25 11:45:00,25.956865,26.703608
2020-12-25 12:00:00,28.065466,27.933655
2020-12-25 12:15:00,28.733332,28.231628
2020-12-25 12:30:00,30.308132,29.918066
2020-12-25 12:45:00,32.542732,31.012533
2020-12-25 13:00:00,35.265396,33.346542
2020-12-25 13:15:00,36.160667,35.95097
2020-12-25 13:30:00,35.341465,35.898273
2020-12-25 13:45:00,29.410198,35.244953
2020-12-25 14:00:00,35.002533,29.338007
2020-12-25 14:15:00,35.322533,34.935585
2020-12-25 14:30:00,34.072266,34.672127
2020-12-25 14:45:00,33.820534,33.165913
2020-12-25 15:00:00,32.8994,32.58369
2020-12-25 15:15:00,31.618265,30.718782
2020-12-25 15:30:00,29.620266,29.771069
2020-12-25 15:45:00,27.396265,28.167032
2020-12-25 16:00:00,24.900398,25.423847
2020-12-25 16:15:00,22.159866,22.276306
2020-12-25 16:30:00,18.883734,19.912352
2020-12-25 16:45:00,14.0114,15.202936
2020-12-25 17:00:00,8.311666,10.5441475
2020-12-25 17:15:00,4.8696,4.970769
2020-12-25 17:30:00,2.831533,3.717271
2020-12-25 17:45:00,1.193733,1.3898803
2020-12-25 18:00:00,0.195867,0.3409709
2020-12-25 18:15:00,0.0,0.04614423
2020-12-25 18:30:00,0.0,0.02965139
2020-12-25 18:45:00,0.0,0.02965139
2020-12-25 19:00:00,0.0,0.02965139
2020-12-25 19:15:00,0.0,0.02965139
2020-12-25 19:30:00,0.0,0.02965139
2020-12-25 19:45:00,0.0,0.02965139
2020-12-25 20:00:00,0.0,0.02965139
2020-12-25 20:15:00,0.0,0.02965139
2020-12-25 20:30:00,0.0,0.02965139
2020-12-25 20:45:00,0.0,0.02965139
2020-12-25 21:00:00,0.0,0.02965139
2020-12-25 21:15:00,0.0,0.02965139
2020-12-25 21:30:00,0.0,0.02965139
2020-12-25 21:45:00,0.0,0.02965139
2020-12-25 22:00:00,0.0,0.02965139
2020-12-25 22:15:00,0.0,0.02965139
2020-12-25 22:30:00,0.0,0.02965139
2020-12-25 22:45:00,0.0,0.02965139
2020-12-25 23:00:00,0.0,0.02965139
2020-12-25 23:15:00,0.0,0.02965139
2020-12-25 23:30:00,0.0,0.02965139
2020-12-25 23:45:00,0.0,0.02965139
2020-12-26 00:00:00,0.0,0.02965139
2020-12-26 00:15:00,0.0,0.02965139
2020-12-26 00:30:00,0.0,0.02965139
2020-12-26 00:45:00,0.0,0.02965139
2020-12-26 01:00:00,0.0,0.02965139
2020-12-26 01:15:00,0.0,0.02965139
2020-12-26 01:30:00,0.0,0.02965139
2020-12-26 01:45:00,0.0,0.02965139
2020-12-26 02:00:00,0.0,0.02965139
2020-12-26 02:15:00,0.0,0.02965139
2020-12-26 02:30:00,0.0,0.02965139
2020-12-26 02:45:00,0.0,0.02965139
2020-12-26 03:00:00,0.0,0.02965139
2020-12-26 03:15:00,0.0,0.02965139
2020-12-26 03:30:00,0.0,0.02965139
2020-12-26 03:45:00,0.0,0.02965139
2020-12-26 04:00:00,0.0,0.02965139
2020-12-26 04:15:00,0.0,0.02965139
2020-12-26 04:30:00,0.0,0.02965139
2020-12-26 04:45:00,0.0,0.02965139
2020-12-26 05:00:00,0.0,0.02965139
2020-12-26 05:15:00,0.0,0.02965139
2020-12-26 05:30:00,0.0,0.02965139
2020-12-26 05:45:00,0.0,0.02965139
2020-12-26 06:00:00,0.0,0.02965139
2020-12-26 06:15:00,0.0,0.02965139
2020-12-26 06:30:00,0.0,0.02965139
2020-12-26 06:45:00,0.0,0.02965139
2020-12-26 07:00:00,0.0,0.02965139
2020-12-26 07:15:00,0.0,0.02965139
2020-12-26 07:30:00,0.0,0.02965139
2020-12-26 07:45:00,0.0,0.029657664
2020-12-26 08:00:00,0.0,0.029657664
2020-12-26 08:15:00,0.0,0.03310441
2020-12-26 08:30:00,0.0,0.03310441
2020-12-26 08:45:00,0.0,0.03310441
2020-12-26 09:00:00,0.0,0.03310441
2020-12-26 09:15:00,0.235267,0.085575745
2020-12-26 09:30:00,1.167133,1.2202129
2020-12-26 09:45:00,2.947667,3.0292032
2020-12-26 10:00:00,5.024733,5.317587
2020-12-26 10:15:00,8.2242,8.001678
2020-12-26 10:30:00,14.857599,14.5678425
2020-12-26 10:45:00,19.9896,19.148466
2020-12-26 11:00:00,23.052866,22.915525
2020-12-26 11:15:00,25.6328,25.65376
2020-12-26 11:30:00,28.080198,27.441832
2020-12-26 11:45:00,30.149933,29.824331
2020-12-26 12:00:00,32.4642,31.05163
2020-12-26 12:15:00,33.956066,33.78092
2020-12-26 12:30:00,35.54513,34.97898
2020-12-26 12:45:00,35.9584,36.19393
2020-12-26 13:00:00,35.0182,35.942986
2020-12-26 13:15:00,35.777134,34.36599
2020-12-26 13:30:00,37.659798,35.83624
2020-12-26 13:45:00,37.2138,37.23037
2020-12-26 14:00:00,37.051598,34.682774
2020-12-26 14:15:00,37.26633,36.448414
2020-12-26 14:30:00,36.291,35.634422
2020-12-26 14:45:00,33.4316,32.98674
2020-12-26 15:00:00,33.61013,32.798485
2020-12-26 15:15:00,32.4044,32.309853
2020-12-26 15:30:00,30.205133,29.902157
2020-12-26 15:45:00,28.2062,28.166597
2020-12-26 16:00:00,25.7906,25.741928
2020-12-26 16:15:00,22.976198,23.311632
2020-12-26 16:30:00,19.6174,20.404718
2020-12-26 16:45:00,14.704466,15.755172
2020-12-26 17:00:00,8.833933,10.595292
2020-12-26 17:15:00,5.096533,5.2272143
2020-12-26 17:30:00,2.9882,3.5013382
2020-12-26 17:45:00,1.274067,1.4227899
2020-12-26 18:00:00,0.199467,0.4472603
2020-12-26 18:15:00,0.0,0.029822709
2020-12-26 18:30:00,0.0,0.02965139
2020-12-26 18:45:00,0.0,0.02965139
2020-12-26 19:00:00,0.0,0.02965139
2020-12-26 19:15:00,0.0,0.02965139
2020-12-26 19:30:00,0.0,0.02965139
2020-12-26 19:45:00,0.0,0.02965139
2020-12-26 20:00:00,0.0,0.02965139
2020-12-26 20:15:00,0.0,0.02965139
2020-12-26 20:30:00,0.0,0.02965139
2020-12-26 20:45:00,0.0,0.02965139
2020-12-26 21:00:00,0.0,0.02965139
2020-12-26 21:15:00,0.0,0.02965139
2020-12-26 21:30:00,0.0,0.02965139
2020-12-26 21:45:00,0.0,0.02965139
2020-12-26 22:00:00,0.0,0.02965139
2020-12-26 22:15:00,0.0,0.02965139
2020-12-26 22:30:00,0.0,0.02965139
2020-12-26 22:45:00,0.0,0.02965139
2020-12-26 23:00:00,0.0,0.02965139
2020-12-26 23:15:00,0.0,0.02965139
2020-12-26 23:30:00,0.0,0.02965139
2020-12-26 23:45:00,0.0,0.02965139
2020-12-27 00:00:00,0.0,0.02965139
2020-12-27 00:15:00,0.0,0.02965139
2020-12-27 00:30:00,0.0,0.02965139
2020-12-27 00:45:00,0.0,0.02965139
2020-12-27 01:00:00,0.0,0.02965139
2020-12-27 01:15:00,0.0,0.02965139
2020-12-27 01:30:00,0.0,0.02965139
2020-12-27 01:45:00,0.0,0.02965139
2020-12-27 02:00:00,0.0,0.02965139
2020-12-27 02:15:00,0.0,0.02965139
2020-12-27 02:30:00,0.0,0.02965139
2020-12-27 02:45:00,0.0,0.02965139
2020-12-27 03:00:00,0.0,0.02965139
2020-12-27 03:15:00,0.0,0.02965139
2020-12-27 03:30:00,0.0,0.02965139
2020-12-27 03:45:00,0.0,0.02965139
2020-12-27 04:00:00,0.0,0.02965139
2020-12-27 04:15:00,0.0,0.02965139
2020-12-27 04:30:00,0.0,0.02965139
2020-12-27 04:45:00,0.0,0.02965139
2020-12-27 05:00:00,0.0,0.02965139
2020-12-27 05:15:00,0.0,0.02965139
2020-12-27 05:30:00,0.0,0.02965139
2020-12-27 05:45:00,0.0,0.02965139
2020-12-27 06:00:00,0.0,0.02965139
2020-12-27 06:15:00,0.0,0.02965139
2020-12-27 06:30:00,0.0,0.02965139
2020-12-27 06:45:00,0.0,0.02965139
2020-12-27 07:00:00,0.0,0.02965139
2020-12-27 07:15:00,0.0,0.02965139
2020-12-27 07:30:00,0.0,0.02965139
2020-12-27 07:45:00,0.0,0.029657664
2020-12-27 08:00:00,0.0,0.029657664
2020-12-27 08:15:00,0.0,0.03310441
2020-12-27 08:30:00,0.0,0.03310441
2020-12-27 08:45:00,0.0,0.03310441
2020-12-27 09:00:00,0.0,0.03310441
2020-12-27 09:15:00,0.335733,0.12439918
2020-12-27 09:30:00,1.170867,1.1654303
2020-12-27 09:45:00,1.1254,1.3399428
2020-12-27 10:00:00,1.1852,1.555631
2020-12-27 10:15:00,1.281333,1.4007076
2020-12-27 10:30:00,2.423867,1.7860634
2020-12-27 10:45:00,2.984333,2.9397354
2020-12-27 11:00:00,4.432267,3.694305
2020-12-27 11:15:00,5.194667,5.062024
2020-12-27 11:30:00,6.295933,5.9225903
2020-12-27 11:45:00,10.472467,9.135682
2020-12-27 12:00:00,17.700466,14.99561
2020-12-27 12:15:00,23.172066,19.442894
2020-12-27 12:30:00,21.8466,21.710241
2020-12-27 12:45:00,22.752666,22.241005
2020-12-27 13:00:00,28.666866,25.154667
2020-12-27 13:15:00,19.189934,28.736065
2020-12-27 13:30:00,18.9836,20.494164
2020-12-27 13:45:00,26.676731,18.059586
2020-12-27 14:00:00,25.280066,27.6272
2020-12-27 14:15:00,22.1668,26.362753
2020-12-27 14:30:00,31.837866,24.487339
2020-12-27 14:45:00,31.411,31.341724
2020-12-27 15:00:00,29.561531,31.037647
2020-12-27 15:15:00,24.066198,31.216478
2020-12-27 15:30:00,22.199467,22.965822
2020-12-27 15:45:00,21.728867,23.841368
2020-12-27 16:00:00,18.456133,22.925982
2020-12-27 16:15:00,18.489666,19.86696
2020-12-27 16:30:00,16.310331,19.522667
2020-12-27 16:45:00,14.832733,14.119175
2020-12-27 17:00:00,9.107866,12.038875
2020-12-27 17:15:00,5.316867,5.969326
2020-12-27 17:30:00,3.159933,3.760121
2020-12-27 17:45:00,1.261867,1.5278376
2020-12-27 18:00:00,0.1698,0.35194027
2020-12-27 18:15:00,0.0,0.034148745
2020-12-27 18:30:00,0.0,0.02965139
2020-12-27 18:45:00,0.0,0.02965139
2020-12-27 19:00:00,0.0,0.02965139
2020-12-27 19:15:00,0.0,0.02965139
2020-12-27 19:30:00,0.0,0.02965139
2020-12-27 19:45:00,0.0,0.02965139
2020-12-27 20:00:00,0.0,0.02965139
2020-12-27 20:15:00,0.0,0.02965139
2020-12-27 20:30:00,0.0,0.02965139
2020-12-27 20:45:00,0.0,0.02965139
2020-12-27 21:00:00,0.0,0.02965139
2020-12-27 21:15:00,0.0,0.02965139
2020-12-27 21:30:00,0.0,0.02965139
2020-12-27 21:45:00,0.0,0.02965139
2020-12-27 22:00:00,0.0,0.02965139
2020-12-27 22:15:00,0.0,0.02965139
2020-12-27 22:30:00,0.0,0.02965139
2020-12-27 22:45:00,0.0,0.02965139
2020-12-27 23:00:00,0.0,0.02965139
2020-12-27 23:15:00,0.0,0.02965139
2020-12-27 23:30:00,0.0,0.02965139
2020-12-27 23:45:00,0.0,0.02965139
2020-12-28 00:00:00,0.0,0.02965139
2020-12-28 00:15:00,0.0,0.02965139
2020-12-28 00:30:00,0.0,0.02965139
2020-12-28 00:45:00,0.0,0.02965139
2020-12-28 01:00:00,0.0,0.02965139
2020-12-28 01:15:00,0.0,0.02965139
2020-12-28 01:30:00,0.0,0.02965139
2020-12-28 01:45:00,0.0,0.02965139
2020-12-28 02:00:00,0.0,0.02965139
2020-12-28 02:15:00,0.0,0.02965139
2020-12-28 02:30:00,0.0,0.02965139
2020-12-28 02:45:00,0.0,0.02965139
2020-12-28 03:00:00,0.0,0.02965139
2020-12-28 03:15:00,0.0,0.02965139
2020-12-28 03:30:00,0.0,0.02965139
2020-12-28 03:45:00,0.0,0.02965139
2020-12-28 04:00:00,0.0,0.02965139
2020-12-28 04:15:00,0.0,0.02965139
2020-12-28 04:30:00,0.0,0.02965139
2020-12-28 04:45:00,0.0,0.02965139
2020-12-28 05:00:00,0.0,0.02965139
2020-12-28 05:15:00,0.0,0.02965139
2020-12-28 05:30:00,0.0,0.02965139
2020-12-28 05:45:00,0.0,0.02965139
2020-12-28 06:00:00,0.0,0.02965139
2020-12-28 06:15:00,0.0,0.02965139
2020-12-28 06:30:00,0.0,0.02965139
2020-12-28 06:45:00,0.0,0.02965139
2020-12-28 07:00:00,0.0,0.02965139
2020-12-28 07:15:00,0.0,0.02965139
2020-12-28 07:30:00,0.0,0.02965139
2020-12-28 07:45:00,0.0,0.029657664
2020-12-28 08:00:00,0.0,0.029657664
2020-12-28 08:15:00,0.0,0.03310441
2020-12-28 08:30:00,0.0,0.03310441
2020-12-28 08:45:00,0.0,0.03310441
2020-12-28 09:00:00,0.0,0.03310441
2020-12-28 09:15:00,0.035867,0.12219316
2020-12-28 09:30:00,0.714267,0.44758397
2020-12-28 09:45:00,2.425467,2.094836
2020-12-28 10:00:00,3.9978,5.090777
2020-12-28 10:15:00,7.096533,6.5861144
2020-12-28 10:30:00,13.488266,12.983874
2020-12-28 10:45:00,18.374199,17.84324
2020-12-28 11:00:00,20.234066,22.35676
2020-12-28 11:15:00,18.9196,23.880192
2020-12-28 11:30:00,18.6536,22.639345
2020-12-28 11:45:00,18.007465,21.318922
2020-12-28 12:00:00,18.147598,19.819958
2020-12-28 12:15:00,18.061731,20.254963
2020-12-28 12:30:00,9.9508,19.127432
2020-12-28 12:45:00,8.503667,12.073089
2020-12-28 13:00:00,8.242666,9.331646
2020-12-28 13:15:00,8.114666,10.974346
2020-12-28 13:30:00,14.057466,8.473814
2020-12-28 13:45:00,17.954733,16.667562
2020-12-28 14:00:00,20.343533,20.554075
2020-12-28 14:15:00,28.1034,21.487839
2020-12-28 14:30:00,31.831467,30.296373
2020-12-28 14:45:00,36.800934,31.88079
2020-12-28 15:00:00,36.353867,34.149384
2020-12-28 15:15:00,35.989933,33.739883
2020-12-28 15:30:00,34.602665,33.790195
2020-12-28 15:45:00,32.5088,31.280396
2020-12-28 16:00:00,30.051731,29.006598
2020-12-28 16:15:00,27.314934,27.447979
2020-12-28 16:30:00,23.9628,24.541666
2020-12-28 16:45:00,18.946466,21.617895
2020-12-28 17:00:00,11.621066,14.672042
2020-12-28 17:15:00,6.986533,9.899248
2020-12-28 17:30:00,4.2378,4.1098313
2020-12-28 17:45:00,1.678867,3.5283687
2020-12-28 18:00:00,0.2872,0.8567191
2020-12-28 18:15:00,0.0,0.040017962
2020-12-28 18:30:00,0.0,0.010540287
2020-12-28 18:45:00,0.0,0.02965139
2020-12-28 19:00:00,0.0,0.02965139
2020-12-28 19:15:00,0.0,0.02965139
2020-12-28 19:30:00,0.0,0.02965139
2020-12-28 19:45:00,0.0,0.02965139
2020-12-28 20:00:00,0.0,0.02965139
2020-12-28 20:15:00,0.0,0.02965139
2020-12-28 20:30:00,0.0,0.02965139
2020-12-28 20:45:00,0.0,0.02965139
2020-12-28 21:00:00,0.0,0.02965139
2020-12-28 21:15:00,0.0,0.02965139
2020-12-28 21:30:00,0.0,0.02965139
2020-12-28 21:45:00,0.0,0.02965139
2020-12-28 22:00:00,0.0,0.02965139
2020-12-28 22:15:00,0.0,0.02965139
2020-12-28 22:30:00,0.0,0.02965139
2020-12-28 22:45:00,0.0,0.02965139
2020-12-28 23:00:00,0.0,0.02965139
2020-12-28 23:15:00,0.0,0.02965139
2020-12-28 23:30:00,0.0,0.02965139
2020-12-28 23:45:00,0.0,0.02965139
2020-12-29 00:00:00,0.0,0.02965139
2020-12-29 00:15:00,0.0,0.02965139
2020-12-29 00:30:00,0.0,0.02965139
2020-12-29 00:45:00,0.0,0.02965139
2020-12-29 01:00:00,0.0,0.02965139
2020-12-29 01:15:00,0.0,0.02965139
2020-12-29 01:30:00,0.0,0.02965139
2020-12-29 01:45:00,0.0,0.02965139
2020-12-29 02:00:00,0.0,0.02965139
2020-12-29 02:15:00,0.0,0.02965139
2020-12-29 02:30:00,0.0,0.02965139
2020-12-29 02:45:00,0.0,0.02965139
2020-12-29 03:00:00,0.0,0.02965139
2020-12-29 03:15:00,0.0,0.02965139
2020-12-29 03:30:00,0.0,0.02965139
2020-12-29 03:45:00,0.0,0.02965139
2020-12-29 04:00:00,0.0,0.02965139
2020-12-29 04:15:00,0.0,0.02965139
2020-12-29 04:30:00,0.0,0.02965139
2020-12-29 04:45:00,0.0,0.02965139
2020-12-29 05:00:00,0.0,0.02965139
2020-12-29 05:15:00,0.0,0.02965139
2020-12-29 05:30:00,0.0,0.02965139
2020-12-29 05:45:00,0.0,0.02965139
2020-12-29 06:00:00,0.0,0.02965139
2020-12-29 06:15:00,0.0,0.02965139
2020-12-29 06:30:00,0.0,0.02965139
2020-12-29 06:45:00,0.0,0.02965139
2020-12-29 07:00:00,0.0,0.02965139
2020-12-29 07:15:00,0.0,0.02965139
2020-12-29 07:30:00,0.0,0.02965139
2020-12-29 07:45:00,0.0,0.029657664
2020-12-29 08:00:00,0.0,0.029657664
2020-12-29 08:15:00,0.0,0.03310441
2020-12-29 08:30:00,0.0,0.03310441
2020-12-29 08:45:00,0.0,0.03310441
2020-12-29 09:00:00,0.0,0.03310441
2020-12-29 09:15:00,0.1646,0.066411
2020-12-29 09:30:00,0.915733,0.72369593
2020-12-29 09:45:00,3.0314,2.621045
2020-12-29 10:00:00,5.789733,5.961867
2020-12-29 10:15:00,9.934333,10.678732
2020-12-29 10:30:00,17.456865,16.422262
2020-12-29 10:45:00,23.555931,21.456879
2020-12-29 11:00:00,27.299131,26.18961
2020-12-29 11:15:00,30.525799,29.454906
2020-12-29 11:30:00,33.126465,30.932568
2020-12-29 11:45:00,35.268665,33.350388
2020-12-29 12:00:00,35.08013,34.76059
2020-12-29 12:15:00,27.319265,35.219467
2020-12-29 12:30:00,26.134867,28.680544
2020-12-29 12:45:00,26.337666,26.67133
2020-12-29 13:00:00,25.516998,26.699701
2020-12-29 13:15:00,26.901798,24.78293
2020-12-29 13:30:00,23.995998,26.906487
2020-12-29 13:45:00,20.419533,23.998377
2020-12-29 14:00:00,18.581066,20.438515
2020-12-29 14:15:00,17.429333,18.643211
2020-12-29 14:30:00,16.949533,18.492811
2020-12-29 14:45:00,16.357533,18.710732
2020-12-29 15:00:00,15.667266,17.740944
2020-12-29 15:15:00,14.624866,16.109211
2020-12-29 15:30:00,14.174933,15.06883
2020-12-29 15:45:00,13.275999,15.05462
2020-12-29 16:00:00,11.896,14.476964
2020-12-29 16:15:00,13.361533,13.249459
2020-12-29 16:30:00,13.307,13.910279
2020-12-29 16:45:00,11.318333,13.085417
2020-12-29 17:00:00,10.474466,11.482294
2020-12-29 17:15:00,7.2372,9.566464
2020-12-29 17:30:00,4.3328,5.4678845
2020-12-29 17:45:00,1.7668,3.646816
2020-12-29 18:00:00,0.306467,0.9799456
2020-12-29 18:15:00,0.0,0.0
2020-12-29 18:30:00,0.0,0.023005202
2020-12-29 18:45:00,0.0,0.02965139
2020-12-29 19:00:00,0.0,0.02965139
2020-12-29 19:15:00,0.0,0.02965139
2020-12-29 19:30:00,0.0,0.02965139
2020-12-29 19:45:00,0.0,0.02965139
2020-12-29 20:00:00,0.0,0.02965139
2020-12-29 20:15:00,0.0,0.02965139
2020-12-29 20:30:00,0.0,0.02965139
2020-12-29 20:45:00,0.0,0.02965139
2020-12-29 21:00:00,0.0,0.02965139
2020-12-29 21:15:00,0.0,0.02965139
2020-12-29 21:30:00,0.0,0.02965139
2020-12-29 21:45:00,0.0,0.02965139
2020-12-29 22:00:00,0.0,0.02965139
2020-12-29 22:15:00,0.0,0.02965139
2020-12-29 22:30:00,0.0,0.02965139
2020-12-29 22:45:00,0.0,0.02965139
2020-12-29 23:00:00,0.0,0.02965139
2020-12-29 23:15:00,0.0,0.02965139
2020-12-29 23:30:00,0.0,0.02965139
2020-12-29 23:45:00,0.0,0.02965139
2020-12-30 00:00:00,0.0,0.02965139
2020-12-30 00:15:00,0.0,0.02965139
2020-12-30 00:30:00,0.0,0.02965139
2020-12-30 00:45:00,0.0,0.02965139
2020-12-30 01:00:00,0.0,0.02965139
2020-12-30 01:15:00,0.0,0.02965139
2020-12-30 01:30:00,0.0,0.02965139
2020-12-30 01:45:00,0.0,0.02965139
2020-12-30 02:00:00,0.0,0.02965139
2020-12-30 02:15:00,0.0,0.02965139
2020-12-30 02:30:00,0.0,0.02965139
2020-12-30 02:45:00,0.0,0.02965139
2020-12-30 03:00:00,0.0,0.02965139
2020-12-30 03:15:00,0.0,0.02965139
2020-12-30 03:30:00,0.0,0.02965139
2020-12-30 03:45:00,0.0,0.02965139
2020-12-30 04:00:00,0.0,0.02965139
2020-12-30 04:15:00,0.0,0.02965139
2020-12-30 04:30:00,0.0,0.02965139
2020-12-30 04:45:00,0.0,0.02965139
2020-12-30 05:00:00,0.0,0.02965139
2020-12-30 05:15:00,0.0,0.02965139
2020-12-30 05:30:00,0.0,0.02965139
2020-12-30 05:45:00,0.0,0.02965139
2020-12-30 06:00:00,0.0,0.02965139
2020-12-30 06:15:00,0.0,0.02965139
2020-12-30 06:30:00,0.0,0.02965139
2020-12-30 06:45:00,0.0,0.02965139
2020-12-30 07:00:00,0.0,0.02965139
2020-12-30 07:15:00,0.0,0.02965139
2020-12-30 07:30:00,0.0,0.02965139
2020-12-30 07:45:00,0.0,0.029657664
2020-12-30 08:00:00,0.0,0.029657664
2020-12-30 08:15:00,0.0,0.03310441
2020-12-30 08:30:00,0.0,0.03310441
2020-12-30 08:45:00,0.0,0.03310441
2020-12-30 09:00:00,0.0,0.03310441
2020-12-30 09:15:00,0.230267,0.19814864
2020-12-30 09:30:00,1.236267,1.164758
2020-12-30 09:45:00,4.005733,3.4510963
2020-12-30 10:00:00,6.4376,7.2300277
2020-12-30 10:15:00,10.721,11.58952
2020-12-30 10:30:00,18.432865,17.40166
2020-12-30 10:45:00,22.222733,21.041914
2020-12-30 11:00:00,25.478998,24.260836
2020-12-30 11:15:00,27.788465,27.55828
2020-12-30 11:30:00,31.383331,30.093065
2020-12-30 11:45:00,33.534798,32.665142
2020-12-30 12:00:00,27.6246,33.619892
2020-12-30 12:15:00,27.054533,29.136238
2020-12-30 12:30:00,35.448196,28.3518
2020-12-30 12:45:00,39.661465,36.552097
2020-12-30 13:00:00,39.76393,39.182163
2020-12-30 13:15:00,36.248398,39.898964
2020-12-30 13:30:00,34.758,35.74284
2020-12-30 13:45:00,34.229267,34.171276
2020-12-30 14:00:00,33.4752,33.34721
2020-12-30 14:15:00,25.512066,33.13031
2020-12-30 14:30:00,27.346333,27.05227
2020-12-30 14:45:00,27.529331,27.713259
2020-12-30 15:00:00,27.8034,28.479649
2020-12-30 15:15:00,27.965933,27.226086
2020-12-30 15:30:00,22.513132,26.664953
2020-12-30 15:45:00,17.542133,23.8518
2020-12-30 16:00:00,12.438533,18.650738
2020-12-30 16:15:00,11.212267,13.36144
2020-12-30 16:30:00,10.756933,12.846767
2020-12-30 16:45:00,10.723866,11.599926
2020-12-30 17:00:00,6.317933,9.118722
2020-12-30 17:15:00,4.5364,5.3056083
2020-12-30 17:30:00,2.785667,2.685537
2020-12-30 17:45:00,1.6078,1.5272073
2020-12-30 18:00:00,0.2772,0.382191
2020-12-30 18:15:00,0.0,0.034240417
2020-12-30 18:30:00,0.0,0.02965139
2020-12-30 18:45:00,0.0,0.02965139
2020-12-30 19:00:00,0.0,0.02965139
2020-12-30 19:15:00,0.0,0.02965139
2020-12-30 19:30:00,0.0,0.02965139
2020-12-30 19:45:00,0.0,0.02965139
2020-12-30 20:00:00,0.0,0.02965139
2020-12-30 20:15:00,0.0,0.02965139
2020-12-30 20:30:00,0.0,0.02965139
2020-12-30 20:45:00,0.0,0.02965139
2020-12-30 21:00:00,0.0,0.02965139
2020-12-30 21:15:00,0.0,0.02965139
2020-12-30 21:30:00,0.0,0.02965139
2020-12-30 21:45:00,0.0,0.02965139
2020-12-30 22:00:00,0.0,0.02965139
2020-12-30 22:15:00,0.0,0.02965139
2020-12-30 22:30:00,0.0,0.02965139
2020-12-30 22:45:00,0.0,0.02965139
2020-12-30 23:00:00,0.0,0.02965139
2020-12-30 23:15:00,0.0,0.02965139
2020-12-30 23:30:00,0.0,0.02965139
2020-12-30 23:45:00,0.0,0.02965139
2020-12-31 00:00:00,0.0,0.02965139
2020-12-31 00:15:00,0.0,0.02965139
2020-12-31 00:30:00,0.0,0.02965139
2020-12-31 00:45:00,0.0,0.02965139
2020-12-31 01:00:00,0.0,0.02965139
2020-12-31 01:15:00,0.0,0.02965139
2020-12-31 01:30:00,0.0,0.02965139
2020-12-31 01:45:00,0.0,0.02965139
2020-12-31 02:00:00,0.0,0.02965139
2020-12-31 02:15:00,0.0,0.02965139
2020-12-31 02:30:00,0.0,0.02965139
2020-12-31 02:45:00,0.0,0.02965139
2020-12-31 03:00:00,0.0,0.02965139
2020-12-31 03:15:00,0.0,0.02965139
2020-12-31 03:30:00,0.0,0.02965139
2020-12-31 03:45:00,0.0,0.02965139
2020-12-31 04:00:00,0.0,0.02965139
2020-12-31 04:15:00,0.0,0.02965139
2020-12-31 04:30:00,0.0,0.02965139
2020-12-31 04:45:00,0.0,0.02965139
2020-12-31 05:00:00,0.0,0.02965139
2020-12-31 05:15:00,0.0,0.02965139
2020-12-31 05:30:00,0.0,0.02965139
2020-12-31 05:45:00,0.0,0.02965139
2020-12-31 06:00:00,0.0,0.02965139
2020-12-31 06:15:00,0.0,0.02965139
2020-12-31 06:30:00,0.0,0.02965139
2020-12-31 06:45:00,0.0,0.02965139
2020-12-31 07:00:00,0.0,0.02965139
2020-12-31 07:15:00,0.0,0.02965139
2020-12-31 07:30:00,0.0,0.02965139
2020-12-31 07:45:00,0.0,0.029657664
2020-12-31 08:00:00,0.0,0.029657664
2020-12-31 08:15:00,0.0,0.03310441
2020-12-31 08:30:00,0.0,0.03310441
2020-12-31 08:45:00,0.0,0.03310441
2020-12-31 09:00:00,0.0,0.03310441
2020-12-31 09:15:00,0.0,0.07125358
2020-12-31 09:30:00,0.143667,0.55230355
2020-12-31 09:45:00,0.640933,0.7577135
2020-12-31 10:00:00,1.258733,1.2740357
2020-12-31 10:15:00,2.190067,2.0536165
2020-12-31 10:30:00,4.329467,3.5747638
2020-12-31 10:45:00,7.396933,6.4231286
2020-12-31 11:00:00,10.116333,11.613527
2020-12-31 11:15:00,17.346466,15.833095
2020-12-31 11:30:00,28.897467,21.958454
2020-12-31 11:45:00,23.390932,30.741089
2020-12-31 12:00:00,24.625866,26.766645
2020-12-31 12:15:00,18.328,27.860598
2020-12-31 12:30:00,28.677532,20.006872
2020-12-31 12:45:00,31.632666,31.017445
2020-12-31 13:00:00,34.314465,32.14071
2020-12-31 13:15:00,27.7648,33.421722
2020-12-31 13:30:00,35.631134,28.375256
2020-12-31 13:45:00,39.13573,35.023045
2020-12-31 14:00:00,39.608265,37.75168
2020-12-31 14:15:00,38.87093,38.833996
2020-12-31 14:30:00,38.387066,37.425465
2020-12-31 14:45:00,37.399597,35.890022
2020-12-31 15:00:00,33.604332,35.224033
2020-12-31 15:15:00,34.730465,31.71214
2020-12-31 15:30:00,33.11793,32.922794
2020-12-31 15:45:00,31.321133,30.13607
2020-12-31 16:00:00,29.136131,28.64177
2020-12-31 16:15:00,26.403666,26.211805
2020-12-31 16:30:00,23.184265,23.568764
2020-12-31 16:45:00,18.888931,20.596241
2020-12-31 17:00:00,12.3524,14.515342
2020-12-31 17:15:00,6.948,9.184274
2020-12-31 17:30:00,4.1468,4.084824
2020-12-31 17:45:00,1.874467,3.4784307
2020-12-31 18:00:00,0.490733,1.0492392
2020-12-31 18:15:00,0.006,0.027807964
2020-12-31 18:30:00,0.0,0.02965139
2020-12-31 18:45:00,0.0,0.02965139
2020-12-31 19:00:00,0.0,0.02965139
2020-12-31 19:15:00,0.0,0.02965139
2020-12-31 19:30:00,0.0,0.02965139
2020-12-31 19:45:00,0.0,0.02965139
2020-12-31 20:00:00,0.0,0.02965139
2020-12-31 20:15:00,0.0,0.02965139
2020-12-31 20:30:00,0.0,0.02965139
2020-12-31 20:45:00,0.0,0.02965139
2020-12-31 21:00:00,0.0,0.02965139
2020-12-31 21:15:00,0.0,0.02965139
2020-12-31 21:30:00,0.0,0.02965139
2020-12-31 21:45:00,0.0,0.02965139
2020-12-31 22:00:00,0.0,0.02965139
2020-12-31 22:15:00,0.0,0.02965139
2020-12-31 22:30:00,0.0,0.02965139
2020-12-31 22:45:00,0.0,0.02965139
2020-12-31 23:00:00,0.0,0.02965139
2020-12-31 23:15:00,0.0,0.02965139
2020-12-31 23:30:00,0.0,0.02965139
2020-12-31 23:45:00,0.0,0.02965139
